"id","code"
1,"29260"
2,"47900"
3,"35656"
4,"51727"
5,"95065"
6,"27828"
7,"33853"
8,"28086"
9,"37700"
10,"28062"
11,"91034"
12,"22859"
13,"70557"
14,"23575"
15,"36420"
16,"36560"
17,"42826"
18,"46700"
19,"99496"
20,"35695"
21,"45338"
22,"63047"
23,"31638"
24,"36513"
25,"33264"
26,"35665"
27,"61516"
28,"99219"
29,"33227"
30,"72193"
31,"48120"
32,"65103"
33,"43770"
34,"23031"
35,"29860"
36,"74170"
37,"76000"
38,"78227"
39,"92541"
40,"35566"
41,"64461"
42,"93568"
43,"49323"
44,"76516"
45,"G0408"
46,"24360"
47,"54115"
48,"46200"
49,"51030"
50,"28047"
51,"31554"
52,"64721"
53,"17263"
54,"48153"
55,"27759"
56,"91132"
57,"52301"
58,"24220"
59,"63664"
60,"76930"
61,"28035"
62,"33271"
63,"26705"
64,"31002"
65,"51703"
66,"92230"
67,"47381"
68,"43241"
69,"25929"
70,"88314"
71,"93283"
72,"60520"
73,"95076"
74,"19260"
75,"27618"
76,"28003"
77,"31553"
78,"28124"
79,"25800"
80,"35693"
81,"33620"
82,"G0118"
83,"20956"
84,"40845"
85,"28545"
86,"32220"
87,"11100"
88,"65222"
89,"37193"
90,"77076"
91,"93284"
92,"20663"
93,"26548"
94,"94761"
95,"64418"
96,"33511"
97,"95951"
98,"22867"
99,"44386"
100,"46320"
101,"96372"
102,"69740"
103,"69806"
104,"27175"
105,"35226"
106,"93602"
107,"25310"
108,"95887"
109,"67909"
110,"85390"
111,"26531"
112,"59812"
113,"72131"
114,"33622"
115,"12002"
116,"33229"
117,"33471"
118,"33774"
119,"11312"
120,"16036"
121,"77003"
122,"21740"
123,"24666"
124,"78271"
125,"91133"
126,"64450"
127,"43194"
128,"88375"
129,"99214"
130,"78111"
131,"76700"
132,"57700"
133,"47540"
134,"61598"
135,"99354"
136,"21627"
137,"23480"
138,"67830"
139,"33891"
140,"25446"
141,"51820"
142,"45116"
143,"59856"
144,"67400"
145,"97036"
146,"33406"
147,"28116"
148,"27690"
149,"21030"
150,"44660"
151,"28820"
152,"70542"
153,"23078"
154,"26372"
155,"43888"
156,"25119"
157,"27331"
158,"28645"
159,"47700"
160,"61517"
161,"44376"
162,"52400"
163,"76816"
164,"93280"
165,"75600"
166,"92588"
167,"27769"
168,"46500"
169,"30410"
170,"31529"
171,"35533"
172,"42890"
173,"44378"
174,"63700"
175,"21047"
176,"33860"
177,"50610"
178,"23530"
179,"77600"
180,"27752"
181,"31781"
182,"21557"
183,"42892"
184,"26140"
185,"75820"
186,"29897"
187,"93460"
188,"92060"
189,"33361"
190,"27499"
191,"20206"
192,"35306"
193,"21355"
194,"95148"
195,"37239"
196,"92516"
197,"93463"
198,"20150"
199,"92225"
200,"93571"
201,"11765"
202,"23000"
203,"27409"
204,"76830"
205,"35112"
206,"35903"
207,"28264"
208,"95170"
209,"23616"
210,"23182"
211,"31370"
212,"22224"
213,"44700"
214,"50690"
215,"93350"
216,"51596"
217,"36120"
218,"12006"
219,"23491"
220,"33953"
221,"69222"
222,"75902"
223,"88173"
224,"69320"
225,"28476"
226,"92512"
227,"62161"
228,"34201"
229,"94770"
230,"33991"
231,"58548"
232,"52250"
233,"19340"
234,"99416"
235,"11307"
236,"70552"
237,"69666"
238,"73070"
239,"74246"
240,"12013"
241,"85097"
242,"31805"
243,"33813"
244,"97018"
245,"28002"
246,"61055"
247,"22810"
248,"54560"
249,"61690"
250,"29358"
251,"27147"
252,"50553"
253,"86255"
254,"15620"
255,"41105"
256,"27664"
257,"15004"
258,"59030"
259,"53661"
260,"G0202"
261,"67030"
262,"21825"
263,"66635"
264,"92555"
265,"11755"
266,"41019"
267,"67420"
268,"27372"
269,"26392"
270,"49000"
271,"29700"
272,"11982"
273,"28505"
274,"93455"
275,"64712"
276,"36474"
277,"51500"
278,"26356"
279,"33220"
280,"66174"
281,"63088"
282,"43752"
283,"79445"
284,"21060"
285,"52601"
286,"62268"
287,"72197"
288,"11730"
289,"22015"
290,"96371"
291,"26508"
292,"53449"
293,"52277"
294,"73721"
295,"97032"
296,"G0444"
297,"93312"
298,"35560"
299,"35152"
300,"60225"
301,"28320"
302,"36479"
303,"33676"
304,"69450"
305,"70140"
306,"20955"
307,"27517"
308,"24341"
309,"37616"
310,"42405"
311,"64840"
312,"25608"
313,"64617"
314,"33688"
315,"58554"
316,"27422"
317,"11920"
318,"31613"
319,"40816"
320,"21296"
321,"36261"
322,"27722"
323,"63741"
324,"21550"
325,"15956"
326,"75827"
327,"32151"
328,"28190"
329,"71551"
330,"84182"
331,"97140"
332,"54380"
333,"63303"
334,"37217"
335,"95822"
336,"27598"
337,"74710"
338,"65860"
339,"33365"
340,"29720"
341,"44626"
342,"93621"
343,"30600"
344,"25230"
345,"26437"
346,"51728"
347,"93282"
348,"61623"
349,"42182"
350,"50525"
351,"73200"
352,"90839"
353,"95940"
354,"27447"
355,"95867"
356,"35860"
357,"58100"
358,"43243"
359,"61545"
360,"77417"
361,"33917"
362,"99462"
363,"50396"
364,"50240"
365,"96368"
366,"31661"
367,"61105"
368,"74235"
369,"28495"
370,"49585"
371,"51570"
372,"36800"
373,"99195"
374,"25415"
375,"27698"
376,"97026"
377,"59025"
378,"75736"
379,"G0237"
380,"15786"
381,"42335"
382,"63045"
383,"28292"
384,"26590"
385,"58285"
386,"54300"
387,"26990"
388,"50972"
389,"53060"
390,"46940"
391,"27437"
392,"59160"
393,"92562"
394,"63016"
395,"G0341"
396,"55150"
397,"79101"
398,"20555"
399,"49540"
400,"54680"
401,"32655"
402,"37237"
403,"28415"
404,"32852"
405,"78195"
406,"29445"
407,"43825"
408,"51725"
409,"15005"
410,"26185"
411,"64734"
412,"40525"
413,"50225"
414,"31605"
415,"22610"
416,"44955"
417,"31575"
418,"44388"
419,"26785"
420,"46615"
421,"31230"
422,"60281"
423,"42426"
424,"38241"
425,"52204"
426,"52356"
427,"G6014"
428,"22318"
429,"28341"
430,"33415"
431,"58200"
432,"64462"
433,"36500"
434,"27825"
435,"54057"
436,"93565"
437,"35180"
438,"93926"
439,"26113"
440,"61050"
441,"29000"
442,"37182"
443,"29075"
444,"32671"
445,"95913"
446,"73630"
447,"88319"
448,"88332"
449,"33207"
450,"34490"
451,"76872"
452,"17340"
453,"20822"
454,"29868"
455,"15738"
456,"90969"
457,"32141"
458,"46760"
459,"49561"
460,"69840"
461,"90997"
462,"68510"
463,"25112"
464,"44404"
465,"63273"
466,"51785"
467,"70492"
468,"61624"
469,"43214"
470,"61700"
471,"93298"
472,"63048"
473,"76936"
474,"21337"
475,"25492"
476,"36473"
477,"57105"
478,"21070"
479,"27445"
480,"42281"
481,"20950"
482,"27519"
483,"G6009"
484,"22614"
485,"75870"
486,"44210"
487,"67228"
488,"26025"
489,"27784"
490,"59072"
491,"92611"
492,"54860"
493,"74260"
494,"74400"
495,"28111"
496,"94003"
497,"27335"
498,"35045"
499,"45113"
500,"61514"
501,"66130"
502,"26037"
503,"52285"
504,"43101"
505,"64489"
506,"43887"
507,"63270"
508,"92920"
509,"29035"
510,"37160"
511,"66600"
512,"21076"
513,"32673"
514,"45391"
515,"64421"
516,"33284"
517,"93975"
518,"33926"
519,"73220"
520,"25370"
521,"93229"
522,"45500"
523,"36584"
524,"68540"
525,"43198"
526,"93600"
527,"26020"
528,"74301"
529,"59412"
530,"26545"
531,"27487"
532,"54640"
533,"63087"
534,"27824"
535,"21150"
536,"26670"
537,"26500"
538,"36832"
539,"37607"
540,"74000"
541,"93313"
542,"22902"
543,"29848"
544,"15278"
545,"33645"
546,"69552"
547,"33979"
548,"70450"
549,"94200"
550,"99497"
551,"55801"
552,"26489"
553,"27252"
554,"57305"
555,"94015"
556,"41806"
557,"61530"
558,"47135"
559,"78815"
560,"57511"
561,"88361"
562,"63056"
563,"71250"
564,"57000"
565,"92614"
566,"58543"
567,"15934"
568,"27457"
569,"31603"
570,"26105"
571,"33416"
572,"95145"
573,"26426"
574,"67141"
575,"96913"
576,"25405"
577,"93622"
578,"37790"
579,"84165"
580,"35508"
581,"15240"
582,"26412"
583,"20606"
584,"33321"
585,"61888"
586,"28113"
587,"27090"
588,"76770"
589,"52007"
590,"21261"
591,"24620"
592,"61597"
593,"99498"
594,"46946"
595,"21100"
596,"64520"
597,"43305"
598,"G0279"
599,"35281"
600,"G0121"
601,"28446"
602,"31020"
603,"51101"
604,"21600"
605,"64416"
606,"41140"
607,"32442"
608,"26070"
609,"73219"
610,"44050"
611,"97802"
612,"24545"
613,"31294"
614,"92626"
615,"96405"
616,"26553"
617,"27306"
618,"72127"
619,"77336"
620,"G0506"
621,"17274"
622,"21344"
623,"27607"
624,"43632"
625,"59866"
626,"25394"
627,"95990"
628,"23150"
629,"29804"
630,"57505"
631,"35190"
632,"97168"
633,"43217"
634,"24130"
635,"45119"
636,"92133"
637,"25635"
638,"38794"
639,"45910"
640,"66184"
641,"27756"
642,"34501"
643,"24605"
644,"29055"
645,"43754"
646,"62321"
647,"58820"
648,"27339"
649,"67902"
650,"34051"
651,"50380"
652,"31070"
653,"64821"
654,"99336"
655,"28171"
656,"34451"
657,"21267"
658,"28606"
659,"11623"
660,"27705"
661,"61616"
662,"62117"
663,"19030"
664,"35663"
665,"11403"
666,"25001"
667,"G0446"
668,"97163"
669,"38570"
670,"91110"
671,"44160"
672,"67880"
673,"57023"
674,"43279"
675,"77058"
676,"93616"
677,"G0117"
678,"93724"
679,"88304"
680,"19357"
681,"43325"
682,"65810"
683,"78814"
684,"20664"
685,"30801"
686,"41512"
687,"76942"
688,"96374"
689,"88121"
690,"66150"
691,"21616"
692,"21282"
693,"33802"
694,"43113"
695,"48105"
696,"11308"
697,"49582"
698,"22862"
699,"51980"
700,"61140"
701,"20957"
702,"38381"
703,"43202"
704,"28313"
705,"43351"
706,"28705"
707,"68420"
708,"27282"
709,"73564"
710,"95911"
711,"88355"
712,"12037"
713,"27197"
714,"45386"
715,"92242"
716,"15789"
717,"27358"
718,"27612"
719,"38206"
720,"70220"
721,"77086"
722,"88112"
723,"67430"
724,"32608"
725,"32150"
726,"33863"
727,"45402"
728,"73040"
729,"58322"
730,"99480"
731,"51555"
732,"11440"
733,"21142"
734,"32554"
735,"21423"
736,"24600"
737,"51575"
738,"27871"
739,"33615"
740,"76377"
741,"58953"
742,"64891"
743,"46250"
744,"47701"
745,"26520"
746,"72149"
747,"93642"
748,"92974"
749,"35302"
750,"33140"
751,"43247"
752,"50435"
753,"93303"
754,"74250"
755,"93567"
756,"95953"
757,"11720"
758,"69145"
759,"61799"
760,"27006"
761,"33517"
762,"50080"
763,"38300"
764,"51720"
765,"62290"
766,"99357"
767,"51710"
768,"93583"
769,"16035"
770,"26230"
771,"26852"
772,"91117"
773,"35211"
774,"37234"
775,"46262"
776,"63172"
777,"76970"
778,"50620"
779,"55041"
780,"31825"
781,"36593"
782,"62160"
783,"29822"
784,"92627"
785,"33120"
786,"33606"
787,"11603"
788,"24560"
789,"72255"
790,"77071"
791,"66160"
792,"71260"
793,"92020"
794,"23140"
795,"50400"
796,"27415"
797,"31641"
798,"92286"
799,"30125"
800,"97803"
801,"67320"
802,"27832"
803,"28465"
804,"29200"
805,"64417"
806,"63005"
807,"58752"
808,"67882"
809,"69020"
810,"64650"
811,"43361"
812,"66990"
813,"93592"
814,"25071"
815,"99205"
816,"45327"
817,"56605"
818,"29851"
819,"35184"
820,"92596"
821,"G0405"
822,"21122"
823,"27734"
824,"35879"
825,"99461"
826,"73523"
827,"20665"
828,"50543"
829,"15116"
830,"15220"
831,"33464"
832,"35701"
833,"G0447"
834,"11732"
835,"99318"
836,"34802"
837,"49428"
838,"77605"
839,"77338"
840,"38562"
841,"31630"
842,"30120"
843,"30920"
844,"92326"
845,"70120"
846,"20982"
847,"36820"
848,"27386"
849,"G0364"
850,"63662"
851,"61537"
852,"29280"
853,"64822"
854,"26550"
855,"93982"
856,"50548"
857,"57454"
858,"63610"
859,"76998"
860,"21049"
861,"97542"
862,"88329"
863,"93452"
864,"99475"
865,"23490"
866,"43425"
867,"63055"
868,"44213"
869,"67921"
870,"58545"
871,"60650"
872,"41251"
873,"32225"
874,"33730"
875,"36818"
876,"76001"
877,"45393"
878,"98927"
879,"71270"
880,"21440"
881,"43401"
882,"71275"
883,"27455"
884,"58550"
885,"20102"
886,"28475"
887,"64776"
888,"64856"
889,"26591"
890,"52354"
891,"96921"
892,"16025"
893,"32659"
894,"33240"
895,"24071"
896,"26565"
897,"73562"
898,"25575"
899,"27750"
900,"34826"
901,"G9487"
902,"25671"
903,"27380"
904,"31084"
905,"61552"
906,"47541"
907,"72146"
908,"93317"
909,"67101"
910,"36860"
911,"57020"
912,"22585"
913,"61312"
914,"95070"
915,"15271"
916,"28322"
917,"43253"
918,"64402"
919,"96161"
920,"39561"
921,"50205"
922,"74363"
923,"32960"
924,"33675"
925,"96119"
926,"37248"
927,"21462"
928,"70160"
929,"49407"
930,"50727"
931,"74190"
932,"27604"
933,"96365"
934,"12015"
935,"68340"
936,"14301"
937,"77331"
938,"58925"
939,"11954"
940,"21159"
941,"25312"
942,"57120"
943,"90461"
944,"72082"
945,"61539"
946,"73706"
947,"29805"
948,"23330"
949,"47562"
950,"21366"
951,"46947"
952,"33502"
953,"19369"
954,"47147"
955,"93320"
956,"67515"
957,"26735"
958,"88356"
959,"19286"
960,"27100"
961,"63746"
962,"44020"
963,"69661"
964,"22110"
965,"62263"
966,"24320"
967,"23184"
968,"50750"
969,"35907"
970,"51840"
971,"93287"
972,"36224"
973,"50526"
974,"98928"
975,"26236"
976,"36660"
977,"95834"
978,"86335"
979,"28175"
980,"42210"
981,"68135"
982,"27816"
983,"29130"
984,"48100"
985,"69602"
986,"35521"
987,"74176"
988,"31368"
989,"33364"
990,"28740"
991,"32810"
992,"50725"
993,"11423"
994,"46600"
995,"97605"
996,"27033"
997,"35721"
998,"44157"
999,"11450"
1000,"62163"
1001,"27222"
1002,"53665"
1003,"60252"
1004,"99407"
1005,"43450"
1006,"69720"
1007,"36460"
1008,"43107"
1009,"13100"
1010,"24138"
1011,"44402"
1012,"56810"
1013,"61583"
1014,"21936"
1015,"21813"
1016,"59525"
1017,"23440"
1018,"25076"
1019,"45380"
1020,"50390"
1021,"67900"
1022,"77750"
1023,"27330"
1024,"76817"
1025,"21181"
1026,"32505"
1027,"64408"
1028,"62302"
1029,"75822"
1030,"96151"
1031,"28405"
1032,"27091"
1033,"67005"
1034,"46607"
1035,"13152"
1036,"67105"
1037,"94727"
1038,"22116"
1039,"43210"
1040,"52214"
1041,"20200"
1042,"75872"
1043,"11301"
1044,"69105"
1045,"41017"
1046,"47480"
1047,"95885"
1048,"21240"
1049,"64859"
1050,"64865"
1051,"96933"
1052,"50728"
1053,"32556"
1054,"69805"
1055,"39541"
1056,"47612"
1057,"24200"
1058,"24530"
1059,"27466"
1060,"69620"
1061,"41108"
1062,"30110"
1063,"43254"
1064,"31623"
1065,"31631"
1066,"21172"
1067,"31633"
1068,"67250"
1069,"32110"
1070,"67343"
1071,"69650"
1072,"99309"
1073,"96101"
1074,"15822"
1075,"78816"
1076,"42842"
1077,"41155"
1078,"23075"
1079,"33737"
1080,"47122"
1081,"74712"
1082,"47570"
1083,"43242"
1084,"15777"
1085,"62327"
1086,"23412"
1087,"11981"
1088,"33786"
1089,"54312"
1090,"27420"
1091,"27465"
1092,"36571"
1093,"26715"
1094,"43501"
1095,"97535"
1096,"28046"
1097,"15781"
1098,"46750"
1099,"52318"
1100,"67500"
1101,"33261"
1102,"75860"
1103,"G0101"
1104,"15260"
1105,"37233"
1106,"58900"
1107,"31592"
1108,"45349"
1109,"99465"
1110,"64892"
1111,"98941"
1112,"36595"
1113,"43830"
1114,"28090"
1115,"68550"
1116,"29873"
1117,"33231"
1118,"46762"
1119,"34900"
1120,"71021"
1121,"15131"
1122,"43211"
1123,"57200"
1124,"96000"
1125,"88374"
1126,"93990"
1127,"52001"
1128,"21175"
1129,"50020"
1130,"31820"
1131,"76810"
1132,"93619"
1133,"42227"
1134,"76642"
1135,"35081"
1136,"35182"
1137,"78597"
1138,"54670"
1139,"61536"
1140,"59400"
1141,"99224"
1142,"25109"
1143,"31297"
1144,"54512"
1145,"21151"
1146,"11044"
1147,"33233"
1148,"40530"
1149,"58951"
1150,"88368"
1151,"31500"
1152,"42725"
1153,"26440"
1154,"36563"
1155,"50606"
1156,"70015"
1157,"66770"
1158,"90471"
1159,"31647"
1160,"42000"
1161,"27740"
1162,"92550"
1163,"93662"
1164,"62280"
1165,"21012"
1166,"95860"
1167,"27337"
1168,"76512"
1169,"35535"
1170,"66682"
1171,"27590"
1172,"28825"
1173,"33697"
1174,"35626"
1175,"50236"
1176,"21400"
1177,"27065"
1178,"43352"
1179,"53415"
1180,"22861"
1181,"50740"
1182,"25391"
1183,"51990"
1184,"31390"
1185,"27830"
1186,"14001"
1187,"41130"
1188,"23170"
1189,"27324"
1190,"15201"
1191,"44361"
1192,"50830"
1193,"23415"
1194,"33460"
1195,"43611"
1196,"59514"
1197,"42440"
1198,"43832"
1199,"43855"
1200,"73221"
1201,"17312"
1202,"46275"
1203,"76102"
1204,"53505"
1205,"94453"
1206,"74185"
1207,"52334"
1208,"62350"
1209,"43520"
1210,"43255"
1211,"33430"
1212,"58805"
1213,"96004"
1214,"50800"
1215,"21502"
1216,"56405"
1217,"49215"
1218,"61320"
1219,"50840"
1220,"69210"
1221,"29825"
1222,"61798"
1223,"G0105"
1224,"43644"
1225,"67335"
1226,"42821"
1227,"73115"
1228,"26502"
1229,"G0421"
1230,"35276"
1231,"34001"
1232,"37243"
1233,"24126"
1234,"27333"
1235,"45540"
1236,"64910"
1237,"73225"
1238,"92625"
1239,"24310"
1240,"93451"
1241,"15845"
1242,"12005"
1243,"32997"
1244,"28220"
1245,"54056"
1246,"19324"
1247,"67031"
1248,"95909"
1249,"75605"
1250,"50590"
1251,"17264"
1252,"93292"
1253,"G0453"
1254,"65101"
1255,"45388"
1256,"51065"
1257,"54164"
1258,"26607"
1259,"29846"
1260,"95782"
1261,"19101"
1262,"93979"
1263,"22848"
1264,"29900"
1265,"78102"
1266,"21184"
1267,"69209"
1268,"72157"
1269,"95810"
1270,"G0452"
1271,"51960"
1272,"27077"
1273,"45350"
1274,"78266"
1275,"97162"
1276,"15136"
1277,"47380"
1278,"60210"
1279,"43216"
1280,"78701"
1281,"70486"
1282,"45825"
1283,"69110"
1284,"G0278"
1285,"44340"
1286,"62287"
1287,"27592"
1288,"64632"
1289,"45398"
1290,"29828"
1291,"61501"
1292,"26675"
1293,"26650"
1294,"49606"
1295,"33405"
1296,"11057"
1297,"59135"
1298,"93532"
1299,"95982"
1300,"38243"
1301,"21121"
1302,"37253"
1303,"93351"
1304,"27427"
1305,"72142"
1306,"15111"
1307,"33514"
1308,"29840"
1309,"55810"
1310,"64835"
1311,"92941"
1312,"23220"
1313,"65600"
1314,"21431"
1315,"62140"
1316,"21461"
1317,"27161"
1318,"28250"
1319,"25272"
1320,"54620"
1321,"21085"
1322,"33496"
1323,"21386"
1324,"22101"
1325,"27105"
1326,"49185"
1327,"41115"
1328,"76506"
1329,"43227"
1330,"38572"
1331,"70553"
1332,"21248"
1333,"66740"
1334,"90474"
1335,"92601"
1336,"13101"
1337,"36555"
1338,"11010"
1339,"22804"
1340,"26498"
1341,"62223"
1342,"72130"
1343,"15152"
1344,"54408"
1345,"90880"
1346,"33141"
1347,"65436"
1348,"52281"
1349,"21193"
1350,"95966"
1351,"44212"
1352,"25275"
1353,"64405"
1354,"99307"
1355,"21194"
1356,"52330"
1357,"53445"
1358,"27647"
1359,"67311"
1360,"95813"
1361,"59051"
1362,"96936"
1363,"34803"
1364,"74174"
1365,"31395"
1366,"99306"
1367,"50684"
1368,"64645"
1369,"63710"
1370,"93296"
1371,"28530"
1372,"35304"
1373,"45379"
1374,"62369"
1375,"20902"
1376,"49322"
1377,"92004"
1378,"28304"
1379,"69200"
1380,"74283"
1381,"19000"
1382,"69718"
1383,"23105"
1384,"78071"
1385,"94620"
1386,"66505"
1387,"78290"
1388,"19302"
1389,"92640"
1390,"15115"
1391,"93042"
1392,"61544"
1393,"93458"
1394,"43277"
1395,"67043"
1396,"68840"
1397,"36557"
1398,"56805"
1399,"99476"
1400,"27709"
1401,"35645"
1402,"14040"
1403,"50705"
1404,"29044"
1405,"51701"
1406,"65750"
1407,"41110"
1408,"58615"
1409,"28005"
1410,"25449"
1411,"90937"
1412,"22548"
1413,"49525"
1414,"53040"
1415,"92316"
1416,"22870"
1417,"43771"
1418,"33263"
1419,"27594"
1420,"57110"
1421,"35570"
1422,"22514"
1423,"96450"
1424,"36200"
1425,"26490"
1426,"42800"
1427,"23130"
1428,"44950"
1429,"22858"
1430,"54318"
1431,"95908"
1432,"60254"
1433,"93286"
1434,"70480"
1435,"93924"
1436,"36253"
1437,"92235"
1438,"33975"
1439,"25111"
1440,"31572"
1441,"70540"
1442,"63040"
1443,"70543"
1444,"28344"
1445,"99489"
1446,"50955"
1447,"97028"
1448,"27894"
1449,"28585"
1450,"50540"
1451,"37238"
1452,"32652"
1453,"20970"
1454,"96417"
1455,"36012"
1456,"49426"
1457,"92565"
1458,"50810"
1459,"59852"
1460,"65140"
1461,"21040"
1462,"93268"
1463,"75953"
1464,"35189"
1465,"31653"
1466,"47544"
1467,"53860"
1468,"35637"
1469,"43112"
1470,"75630"
1471,"95807"
1472,"41805"
1473,"15110"
1474,"33417"
1475,"37242"
1476,"66175"
1477,"92570"
1478,"26200"
1479,"15945"
1480,"45110"
1481,"21141"
1482,"32651"
1483,"46705"
1484,"61540"
1485,"92585"
1486,"23065"
1487,"28112"
1488,"74329"
1489,"69540"
1490,"27400"
1491,"48000"
1492,"93290"
1493,"47555"
1494,"43118"
1495,"36569"
1496,"31360"
1497,"86510"
1498,"72158"
1499,"42860"
1500,"10022"
1501,"54205"
1502,"90954"
1503,"31574"
1504,"19364"
1505,"45120"
1506,"90911"
1507,"47534"
1508,"58350"
1509,"38720"
1510,"44140"
1511,"52700"
1512,"27808"
1513,"44405"
1514,"63250"
1515,"66500"
1516,"44366"
1517,"99305"
1518,"43312"
1519,"21010"
1520,"33257"
1521,"27428"
1522,"49010"
1523,"95937"
1524,"57335"
1525,"91122"
1526,"43130"
1527,"56634"
1528,"70030"
1529,"93581"
1530,"44382"
1531,"92100"
1532,"27158"
1533,"43273"
1534,"61607"
1535,"56625"
1536,"78813"
1537,"52305"
1538,"33258"
1539,"26442"
1540,"94644"
1541,"76510"
1542,"26160"
1543,"72070"
1544,"21406"
1545,"21454"
1546,"27732"
1547,"43117"
1548,"97755"
1549,"27562"
1550,"42330"
1551,"11443"
1552,"60000"
1553,"54410"
1554,"28070"
1555,"27187"
1556,"27396"
1557,"64430"
1558,"27730"
1559,"33735"
1560,"93976"
1561,"44800"
1562,"59430"
1563,"54500"
1564,"33726"
1565,"32555"
1566,"71101"
1567,"21120"
1568,"63655"
1569,"15940"
1570,"21422"
1571,"44128"
1572,"64636"
1573,"66762"
1574,"11446"
1575,"97161"
1576,"61559"
1577,"63090"
1578,"33990"
1579,"19304"
1580,"23802"
1581,"71110"
1582,"11056"
1583,"92973"
1584,"27429"
1585,"50650"
1586,"69641"
1587,"15157"
1588,"93278"
1589,"33971"
1590,"67229"
1591,"33426"
1592,"27826"
1593,"23125"
1594,"44111"
1595,"92587"
1596,"G6010"
1597,"24000"
1598,"88313"
1599,"59120"
1600,"19083"
1601,"36226"
1602,"26205"
1603,"63003"
1604,"78140"
1605,"50542"
1606,"27355"
1607,"27181"
1608,"29879"
1609,"57426"
1610,"42894"
1611,"35005"
1612,"28088"
1613,"48148"
1614,"58558"
1615,"75756"
1616,"36592"
1617,"21079"
1618,"43045"
1619,"78700"
1620,"21139"
1621,"27619"
1622,"31365"
1623,"43236"
1624,"91022"
1625,"44401"
1626,"62292"
1627,"43275"
1628,"19285"
1629,"16020"
1630,"51580"
1631,"23462"
1632,"29874"
1633,"29875"
1634,"58674"
1635,"70390"
1636,"78459"
1637,"27198"
1638,"74280"
1639,"32120"
1640,"11463"
1641,"51595"
1642,"27558"
1643,"24346"
1644,"36578"
1645,"57455"
1646,"65756"
1647,"28011"
1648,"47125"
1649,"31570"
1650,"93590"
1651,"23540"
1652,"43880"
1653,"96401"
1654,"26525"
1655,"99175"
1656,"64896"
1657,"62141"
1658,"21330"
1659,"64790"
1660,"99156"
1661,"26842"
1662,"50845"
1663,"63197"
1664,"58260"
1665,"11006"
1666,"33216"
1667,"42970"
1668,"21195"
1669,"47721"
1670,"95852"
1671,"62164"
1672,"38500"
1673,"49429"
1674,"12016"
1675,"27652"
1676,"63295"
1677,"33779"
1678,"41250"
1679,"95165"
1680,"55400"
1681,"58960"
1682,"19307"
1683,"65410"
1684,"31291"
1685,"G6001"
1686,"27098"
1687,"51525"
1688,"21451"
1689,"99223"
1690,"65150"
1691,"23500"
1692,"27202"
1693,"61576"
1694,"37211"
1695,"27613"
1696,"93272"
1697,"95992"
1698,"20983"
1699,"28675"
1700,"33411"
1701,"58345"
1702,"15770"
1703,"42971"
1704,"44205"
1705,"89220"
1706,"37214"
1707,"G0425"
1708,"61610"
1709,"35351"
1710,"67975"
1711,"15787"
1712,"35363"
1713,"23020"
1714,"27275"
1715,"96912"
1716,"27530"
1717,"47532"
1718,"67208"
1719,"G9157"
1720,"29365"
1721,"33542"
1722,"G6013"
1723,"20245"
1724,"25170"
1725,"25605"
1726,"93025"
1727,"15750"
1728,"24495"
1729,"37186"
1730,"67221"
1731,"36406"
1732,"42510"
1733,"53520"
1734,"27250"
1735,"43220"
1736,"78278"
1737,"61323"
1738,"64530"
1739,"24640"
1740,"33420"
1741,"42660"
1742,"77332"
1743,"52649"
1744,"62146"
1745,"12046"
1746,"21348"
1747,"36576"
1748,"49326"
1749,"44227"
1750,"27060"
1751,"31225"
1752,"33234"
1753,"44406"
1754,"26125"
1755,"52450"
1756,"65450"
1757,"20926"
1758,"31648"
1759,"38542"
1760,"65772"
1761,"G0508"
1762,"G0245"
1763,"44203"
1764,"97167"
1765,"21011"
1766,"62361"
1767,"G0407"
1768,"41822"
1769,"36833"
1770,"37229"
1771,"21365"
1772,"36903"
1773,"24371"
1774,"73552"
1775,"15788"
1776,"57545"
1777,"22845"
1778,"52402"
1779,"20670"
1780,"46744"
1781,"27232"
1782,"91040"
1783,"59612"
1784,"78802"
1785,"75731"
1786,"15841"
1787,"25040"
1788,"94250"
1789,"21031"
1790,"27560"
1791,"27596"
1792,"86077"
1793,"28430"
1794,"21453"
1795,"86256"
1796,"45309"
1797,"38382"
1798,"59325"
1799,"92615"
1800,"15823"
1801,"88323"
1802,"93613"
1803,"53601"
1804,"45100"
1805,"55840"
1806,"39220"
1807,"21315"
1808,"93655"
1809,"24925"
1810,"61332"
1811,"78610"
1812,"15275"
1813,"28715"
1814,"90832"
1815,"46611"
1816,"11771"
1817,"43641"
1818,"55110"
1819,"93017"
1820,"43761"
1821,"58180"
1822,"57284"
1823,"46612"
1824,"29889"
1825,"37600"
1826,"46030"
1827,"58410"
1828,"42808"
1829,"48140"
1830,"64902"
1831,"28230"
1832,"76101"
1833,"99327"
1834,"33612"
1835,"24565"
1836,"99325"
1837,"95978"
1838,"50974"
1839,"25630"
1840,"27632"
1841,"28286"
1842,"70481"
1843,"76775"
1844,"57531"
1845,"95018"
1846,"28052"
1847,"98929"
1848,"69140"
1849,"27156"
1850,"43328"
1851,"99468"
1852,"75889"
1853,"75571"
1854,"44156"
1855,"27253"
1856,"29085"
1857,"69667"
1858,"43276"
1859,"47760"
1860,"63286"
1861,"22532"
1862,"92325"
1863,"61612"
1864,"92081"
1865,"74262"
1866,"15838"
1867,"93880"
1868,"24201"
1869,"24920"
1870,"51940"
1871,"G6007"
1872,"65285"
1873,"28485"
1874,"57107"
1875,"64575"
1876,"50947"
1877,"51702"
1878,"47130"
1879,"69300"
1880,"35539"
1881,"93922"
1882,"12036"
1883,"22512"
1884,"25520"
1885,"99239"
1886,"49610"
1887,"31320"
1888,"61751"
1889,"31233"
1890,"37617"
1891,"49653"
1892,"51597"
1893,"33600"
1894,"20694"
1895,"35371"
1896,"88162"
1897,"43245"
1898,"49507"
1899,"32658"
1900,"72196"
1901,"15576"
1902,"21198"
1903,"59015"
1904,"93971"
1905,"21263"
1906,"44369"
1907,"64425"
1908,"92977"
1909,"25515"
1910,"31075"
1911,"19303"
1912,"G0455"
1913,"64635"
1914,"35131"
1915,"58542"
1916,"60200"
1917,"50387"
1918,"92546"
1919,"36558"
1920,"44701"
1921,"95829"
1922,"58920"
1923,"88333"
1924,"25922"
1925,"51045"
1926,"69644"
1927,"75710"
1928,"42836"
1929,"46257"
1930,"11960"
1931,"35013"
1932,"27226"
1933,"99215"
1934,"33255"
1935,"G0124"
1936,"88348"
1937,"44187"
1938,"54065"
1939,"92524"
1940,"51992"
1941,"25426"
1942,"61534"
1943,"88160"
1944,"21490"
1945,"29870"
1946,"43196"
1947,"92576"
1948,"99285"
1949,"74177"
1950,"19120"
1951,"29710"
1952,"44204"
1953,"56501"
1954,"61524"
1955,"27027"
1956,"33427"
1957,"35122"
1958,"41828"
1959,"46221"
1960,"54130"
1961,"66625"
1962,"27479"
1963,"53500"
1964,"92609"
1965,"99335"
1966,"25443"
1967,"54390"
1968,"27266"
1969,"56740"
1970,"15933"
1971,"74245"
1972,"63081"
1973,"57522"
1974,"64491"
1975,"42450"
1976,"33534"
1977,"43338"
1978,"15570"
1979,"22515"
1980,"65125"
1981,"33362"
1982,"54326"
1983,"92577"
1984,"57010"
1985,"58700"
1986,"17313"
1987,"77431"
1988,"32606"
1989,"96934"
1990,"20838"
1991,"25031"
1992,"38760"
1993,"69424"
1994,"27848"
1995,"68130"
1996,"96922"
1997,"28635"
1998,"56620"
1999,"62282"
2000,"99183"
2001,"73501"
2002,"61886"
2003,"61512"
2004,"20690"
2005,"26992"
2006,"61595"
2007,"95950"
2008,"24900"
2009,"25073"
2010,"78262"
2011,"49040"
2012,"55535"
2013,"55550"
2014,"43195"
2015,"22216"
2016,"42300"
2017,"31766"
2018,"27880"
2019,"54240"
2020,"44139"
2021,"21360"
2022,"25535"
2023,"36600"
2024,"37615"
2025,"73030"
2026,"11420"
2027,"31601"
2028,"77401"
2029,"78110"
2030,"15842"
2031,"69635"
2032,"27256"
2033,"64494"
2034,"33315"
2035,"29824"
2036,"50555"
2037,"25915"
2038,"33963"
2039,"43205"
2040,"86320"
2041,"58553"
2042,"24115"
2043,"64580"
2044,"21558"
2045,"50391"
2046,"64713"
2047,"33951"
2048,"67912"
2049,"92018"
2050,"92953"
2051,"93041"
2052,"35361"
2053,"64595"
2054,"62010"
2055,"27347"
2056,"31502"
2057,"42950"
2058,"92313"
2059,"64448"
2060,"53200"
2061,"90966"
2062,"11901"
2063,"67966"
2064,"90845"
2065,"61735"
2066,"27381"
2067,"31287"
2068,"64708"
2069,"28666"
2070,"35537"
2071,"22208"
2072,"29345"
2073,"95060"
2074,"92521"
2075,"26496"
2076,"44384"
2077,"77306"
2078,"28445"
2079,"50541"
2080,"21433"
2081,"22327"
2082,"92978"
2083,"57268"
2084,"28315"
2085,"73060"
2086,"64795"
2087,"78226"
2088,"24357"
2089,"33993"
2090,"27516"
2091,"61450"
2092,"26110"
2093,"34111"
2094,"98940"
2095,"95872"
2096,"63305"
2097,"98925"
2098,"26516"
2099,"36819"
2100,"50970"
2101,"51845"
2102,"35400"
2103,"64893"
2104,"33518"
2105,"29131"
2106,"96360"
2107,"43108"
2108,"50695"
2109,"36248"
2110,"31627"
2111,"36511"
2112,"77002"
2113,"27122"
2114,"50605"
2115,"93015"
2116,"21256"
2117,"93459"
2118,"33980"
2119,"49568"
2120,"36410"
2121,"11303"
2122,"33800"
2123,"20527"
2124,"28531"
2125,"35511"
2126,"11001"
2127,"49495"
2128,"50815"
2129,"31540"
2130,"63740"
2131,"33884"
2132,"47370"
2133,"92961"
2134,"32310"
2135,"95926"
2136,"G0204"
2137,"33948"
2138,"38232"
2139,"53210"
2140,"35103"
2141,"78608"
2142,"29823"
2143,"64874"
2144,"78805"
2145,"67805"
2146,"88373"
2147,"27326"
2148,"48520"
2149,"54416"
2150,"88177"
2151,"93288"
2152,"45331"
2153,"65400"
2154,"59850"
2155,"26479"
2156,"23073"
2157,"78598"
2158,"50280"
2159,"23615"
2160,"55605"
2161,"63182"
2162,"64490"
2163,"21275"
2164,"66920"
2165,"51520"
2166,"29730"
2167,"33501"
2168,"97762"
2169,"28240"
2170,"36581"
2171,"49521"
2172,"25670"
2173,"43320"
2174,"64901"
2175,"11055"
2176,"95044"
2177,"60522"
2178,"25355"
2179,"42226"
2180,"50780"
2181,"67700"
2182,"56700"
2183,"24152"
2184,"42960"
2185,"71020"
2186,"33985"
2187,"38555"
2188,"46060"
2189,"56820"
2190,"95827"
2191,"31591"
2192,"24342"
2193,"29807"
2194,"89060"
2195,"27003"
2196,"78496"
2197,"Q0091"
2198,"57308"
2199,"92597"
2200,"44403"
2201,"50434"
2202,"15273"
2203,"21435"
2204,"36481"
2205,"46614"
2206,"15002"
2207,"11042"
2208,"67108"
2209,"33976"
2210,"63706"
2211,"99334"
2212,"29891"
2213,"75807"
2214,"13132"
2215,"46716"
2216,"33915"
2217,"64742"
2218,"78270"
2219,"12034"
2220,"21045"
2221,"61304"
2222,"12053"
2223,"39560"
2224,"32853"
2225,"33237"
2226,"96367"
2227,"24685"
2228,"88372"
2229,"31201"
2230,"G0412"
2231,"29861"
2232,"42507"
2233,"64581"
2234,"35633"
2235,"52332"
2236,"72020"
2237,"66170"
2238,"22900"
2239,"64858"
2240,"47605"
2241,"36425"
2242,"95957"
2243,"25420"
2244,"67225"
2245,"29888"
2246,"76946"
2247,"99283"
2248,"27646"
2249,"59857"
2250,"19125"
2251,"97024"
2252,"42415"
2253,"27536"
2254,"35531"
2255,"47610"
2256,"54530"
2257,"26433"
2258,"28525"
2259,"96020"
2260,"49203"
2261,"92613"
2262,"40490"
2263,"43285"
2264,"49425"
2265,"65855"
2266,"68811"
2267,"88302"
2268,"21215"
2269,"24305"
2270,"25024"
2271,"13153"
2272,"42107"
2273,"11620"
2274,"99233"
2275,"75741"
2276,"33470"
2277,"24410"
2278,"27498"
2279,"75887"
2280,"28470"
2281,"26546"
2282,"75635"
2283,"25315"
2284,"36905"
2285,"64680"
2286,"27179"
2287,"10160"
2288,"11306"
2289,"40500"
2290,"33954"
2291,"74742"
2292,"61571"
2293,"68100"
2294,"64570"
2295,"91120"
2296,"52346"
2297,"54120"
2298,"34530"
2299,"35572"
2300,"21452"
2301,"45915"
2302,"27030"
2303,"66180"
2304,"31531"
2305,"43334"
2306,"74470"
2307,"70100"
2308,"25830"
2309,"64492"
2310,"41510"
2311,"19300"
2312,"28735"
2313,"48500"
2314,"69636"
2315,"94070"
2316,"G0239"
2317,"38505"
2318,"49570"
2319,"25441"
2320,"63307"
2321,"45171"
2322,"47350"
2323,"G9686"
2324,"31000"
2325,"69000"
2326,"33300"
2327,"78647"
2328,"39402"
2329,"99337"
2330,"27137"
2331,"73140"
2332,"11421"
2333,"73722"
2334,"30520"
2335,"77295"
2336,"99495"
2337,"33750"
2338,"33505"
2339,"45562"
2340,"54160"
2341,"33228"
2342,"43251"
2343,"43192"
2344,"28300"
2345,"43232"
2346,"15840"
2347,"23107"
2348,"41018"
2349,"92979"
2350,"22846"
2351,"47360"
2352,"67950"
2353,"70010"
2354,"24650"
2355,"27307"
2356,"26035"
2357,"28660"
2358,"34520"
2359,"11047"
2360,"58110"
2361,"58263"
2362,"13131"
2363,"37241"
2364,"21725"
2365,"28010"
2366,"33945"
2367,"50125"
2368,"G9483"
2369,"52224"
2370,"49657"
2371,"24362"
2372,"20251"
2373,"78808"
2374,"26434"
2375,"30560"
2376,"61870"
2377,"25622"
2378,"25250"
2379,"43332"
2380,"59426"
2381,"95832"
2382,"35876"
2383,"21470"
2384,"77022"
2385,"34834"
2386,"35526"
2387,"46601"
2388,"15860"
2389,"27066"
2390,"61070"
2391,"97761"
2392,"26100"
2393,"53410"
2394,"61150"
2395,"60505"
2396,"73120"
2397,"15740"
2398,"15734"
2399,"15951"
2400,"31513"
2401,"31526"
2402,"36478"
2403,"58571"
2404,"27700"
2405,"G0442"
2406,"33322"
2407,"45136"
2408,"21812"
2409,"35901"
2410,"57555"
2411,"75891"
2412,"27130"
2413,"43283"
2414,"33814"
2415,"95930"
2416,"11626"
2417,"75726"
2418,"21073"
2419,"27500"
2420,"73580"
2421,"76080"
2422,"24366"
2423,"64727"
2424,"67835"
2425,"28570"
2426,"31614"
2427,"15776"
2428,"31649"
2429,"35121"
2430,"17108"
2431,"77307"
2432,"50520"
2433,"66711"
2434,"26235"
2435,"26560"
2436,"93886"
2437,"97016"
2438,"43333"
2439,"49501"
2440,"12041"
2441,"21110"
2442,"57100"
2443,"51920"
2444,"38100"
2445,"49204"
2446,"49406"
2447,"53442"
2448,"11762"
2449,"55866"
2450,"72285"
2451,"58275"
2452,"31032"
2453,"47362"
2454,"57130"
2455,"21123"
2456,"50770"
2457,"27767"
2458,"77317"
2459,"29520"
2460,"92556"
2461,"21014"
2462,"37191"
2463,"74247"
2464,"22843"
2465,"26510"
2466,"96111"
2467,"25270"
2468,"55450"
2469,"21013"
2470,"99157"
2471,"28730"
2472,"40804"
2473,"58262"
2474,"30906"
2475,"43238"
2476,"24800"
2477,"42835"
2478,"42120"
2479,"92971"
2480,"22819"
2481,"62320"
2482,"21935"
2483,"27244"
2484,"61566"
2485,"74330"
2486,"62225"
2487,"95928"
2488,"50544"
2489,"34510"
2490,"50900"
2491,"93931"
2492,"92012"
2493,"33845"
2494,"38700"
2495,"G0416"
2496,"29894"
2497,"45121"
2498,"93888"
2499,"24345"
2500,"26755"
2501,"46285"
2502,"27538"
2503,"49452"
2504,"73050"
2505,"23460"
2506,"33681"
2507,"44312"
2508,"78606"
2509,"35585"
2510,"28406"
2511,"22595"
2512,"31770"
2513,"46761"
2514,"94450"
2515,"93018"
2516,"93462"
2517,"45381"
2518,"15610"
2519,"93566"
2520,"11311"
2521,"36140"
2522,"69660"
2523,"15851"
2524,"21720"
2525,"28080"
2526,"50957"
2527,"35321"
2528,"11424"
2529,"65235"
2530,"G0415"
2531,"39545"
2532,"70491"
2533,"28270"
2534,"77770"
2535,"58541"
2536,"55100"
2537,"67917"
2538,"54135"
2539,"12011"
2540,"26135"
2541,"32701"
2542,"G0102"
2543,"35685"
2544,"44390"
2545,"62201"
2546,"52640"
2547,"59151"
2548,"99359"
2549,"64804"
2550,"67935"
2551,"25607"
2552,"27788"
2553,"63198"
2554,"93561"
2555,"33521"
2556,"92602"
2557,"17261"
2558,"95929"
2559,"70496"
2560,"77080"
2561,"34813"
2562,"36215"
2563,"90964"
2564,"11606"
2565,"94729"
2566,"93505"
2567,"36908"
2568,"36591"
2569,"66155"
2570,"95980"
2571,"47564"
2572,"50329"
2573,"31552"
2574,"92083"
2575,"26580"
2576,"31515"
2577,"92572"
2578,"59136"
2579,"69605"
2580,"60600"
2581,"61020"
2582,"61783"
2583,"G0454"
2584,"27385"
2585,"69820"
2586,"27881"
2587,"37197"
2588,"89049"
2589,"24155"
2590,"41114"
2591,"21138"
2592,"64876"
2593,"66840"
2594,"40720"
2595,"46924"
2596,"26370"
2597,"99315"
2598,"43314"
2599,"42831"
2600,"44380"
2601,"12056"
2602,"25680"
2603,"87164"
2604,"96542"
2605,"57282"
2606,"93582"
2607,"19328"
2608,"88125"
2609,"94728"
2610,"25652"
2611,"42215"
2612,"69637"
2613,"31267"
2614,"78104"
2615,"20912"
2616,"33690"
2617,"88366"
2618,"78201"
2619,"23210"
2620,"29844"
2621,"62115"
2622,"23077"
2623,"21750"
2624,"61790"
2625,"15756"
2626,"37218"
2627,"44055"
2628,"95831"
2629,"28490"
2630,"25447"
2631,"52355"
2632,"38200"
2633,"25332"
2634,"24670"
2635,"44208"
2636,"57720"
2637,"44158"
2638,"44015"
2639,"67930"
2640,"99316"
2641,"24102"
2642,"32601"
2643,"26685"
2644,"93308"
2645,"20611"
2646,"41145"
2647,"31030"
2648,"93016"
2649,"27448"
2650,"51741"
2651,"78013"
2652,"28100"
2653,"37565"
2654,"64600"
2655,"G6016"
2656,"27438"
2657,"67440"
2658,"19330"
2659,"54110"
2660,"36245"
2661,"36014"
2662,"58976"
2663,"35256"
2664,"46922"
2665,"43755"
2666,"99304"
2667,"54411"
2668,"31755"
2669,"70170"
2670,"19112"
2671,"20612"
2672,"62143"
2673,"72192"
2674,"31551"
2675,"61215"
2676,"78491"
2677,"70490"
2678,"26262"
2679,"48152"
2680,"50693"
2681,"27620"
2682,"69700"
2683,"37213"
2684,"34812"
2685,"50948"
2686,"62165"
2687,"19342"
2688,"21820"
2689,"31580"
2690,"50135"
2691,"54344"
2692,"54438"
2693,"94016"
2694,"17283"
2695,"54430"
2696,"25065"
2697,"27792"
2698,"46288"
2699,"76513"
2700,"27120"
2701,"30200"
2702,"53085"
2703,"85396"
2704,"11621"
2705,"21270"
2706,"61570"
2707,"78191"
2708,"42804"
2709,"27076"
2710,"35636"
2711,"42320"
2712,"99344"
2713,"30630"
2714,"42665"
2715,"93701"
2716,"95866"
2717,"35634"
2718,"92540"
2719,"22222"
2720,"64716"
2721,"42140"
2722,"58970"
2723,"50630"
2724,"64644"
2725,"33340"
2726,"47142"
2727,"53605"
2728,"96423"
2729,"99350"
2730,"93641"
2731,"35600"
2732,"74485"
2733,"G0120"
2734,"27475"
2735,"31636"
2736,"32820"
2737,"76706"
2738,"15852"
2739,"33608"
2740,"74160"
2741,"15950"
2742,"59150"
2743,"67445"
2744,"49580"
2745,"50593"
2746,"94011"
2747,"33478"
2748,"27758"
2749,"31660"
2750,"52317"
2751,"27509"
2752,"23101"
2753,"64486"
2754,"20973"
2755,"41150"
2756,"23200"
2757,"13122"
2758,"27600"
2759,"75805"
2760,"28110"
2761,"19297"
2762,"26320"
2763,"50433"
2764,"52270"
2765,"42509"
2766,"17281"
2767,"78650"
2768,"33522"
2769,"96153"
2770,"33475"
2771,"47361"
2772,"20520"
2773,"27350"
2774,"29904"
2775,"59871"
2776,"23920"
2777,"69970"
2778,"36596"
2779,"25530"
2780,"62120"
2781,"95028"
2782,"36471"
2783,"90947"
2784,"36222"
2785,"99232"
2786,"22630"
2787,"64640"
2788,"57210"
2789,"68200"
2790,"27503"
2791,"99153"
2792,"21255"
2793,"78492"
2794,"45905"
2795,"24615"
2796,"99234"
2797,"58146"
2798,"53000"
2799,"58561"
2800,"76802"
2801,"24935"
2802,"44377"
2803,"11005"
2804,"92563"
2805,"22904"
2806,"56441"
2807,"65875"
2808,"92582"
2809,"36901"
2810,"33770"
2811,"95967"
2812,"G0271"
2813,"39200"
2814,"33270"
2815,"24105"
2816,"51585"
2817,"43123"
2818,"93925"
2819,"20805"
2820,"26471"
2821,"78660"
2822,"93454"
2823,"22505"
2824,"63035"
2825,"75572"
2826,"76010"
2827,"95979"
2828,"27888"
2829,"44640"
2830,"63283"
2831,"63199"
2832,"72081"
2833,"26215"
2834,"47120"
2835,"26850"
2836,"64802"
2837,"25628"
2838,"26340"
2839,"60512"
2840,"69676"
2841,"47620"
2842,"61605"
2843,"78202"
2844,"26750"
2845,"30300"
2846,"55175"
2847,"33710"
2848,"12017"
2849,"29898"
2850,"46260"
2851,"11043"
2852,"28435"
2853,"99212"
2854,"44408"
2855,"79200"
2856,"57265"
2857,"22212"
2858,"31080"
2859,"74175"
2860,"68110"
2861,"69714"
2862,"24655"
2863,"31785"
2864,"55815"
2865,"G0288"
2866,"54231"
2867,"95886"
2868,"30540"
2869,"45334"
2870,"15040"
2871,"29905"
2872,"45560"
2873,"23195"
2874,"70110"
2875,"25035"
2876,"26862"
2877,"77615"
2878,"95851"
2879,"40810"
2880,"45550"
2881,"88321"
2882,"25135"
2883,"41823"
2884,"88381"
2885,"15572"
2886,"32484"
2887,"90846"
2888,"93224"
2889,"26145"
2890,"90785"
2891,"33788"
2892,"33050"
2893,"43330"
2894,"52287"
2895,"68850"
2896,"27303"
2897,"41800"
2898,"29883"
2899,"91111"
2900,"G0168"
2901,"27477"
2902,"28150"
2903,"28262"
2904,"28289"
2905,"44360"
2906,"65091"
2907,"44126"
2908,"50860"
2909,"76519"
2910,"29876"
2911,"32445"
2912,"90963"
2913,"74230"
2914,"29847"
2915,"46604"
2916,"59050"
2917,"25650"
2918,"17250"
2919,"77290"
2920,"97164"
2921,"33987"
2922,"27614"
2923,"33780"
2924,"70558"
2925,"43860"
2926,"64634"
2927,"36861"
2928,"63196"
2929,"27720"
2930,"33724"
2931,"92583"
2932,"33244"
2933,"21450"
2934,"33989"
2935,"25651"
2936,"73551"
2937,"28126"
2938,"50600"
2939,"31760"
2940,"55842"
2941,"94669"
2942,"35883"
2943,"65426"
2944,"93464"
2945,"96440"
2946,"21082"
2947,"21087"
2948,"78457"
2949,"33030"
2950,"26210"
2951,"78018"
2952,"21920"
2953,"27305"
2954,"64647"
2955,"57250"
2956,"10036"
2957,"96931"
2958,"60100"
2959,"28510"
2960,"77301"
2961,"20975"
2962,"64907"
2963,"47550"
2964,"43213"
2965,"43266"
2966,"11011"
2967,"42844"
2968,"92082"
2969,"25107"
2970,"27513"
2971,"63012"
2972,"20985"
2973,"11201"
2974,"90962"
2975,"61250"
2976,"22586"
2977,"72083"
2978,"79300"
2979,"44125"
2980,"31420"
2981,"31535"
2982,"27418"
2983,"27712"
2984,"29800"
2985,"43460"
2986,"40700"
2987,"33877"
2988,"15819"
2989,"42820"
2990,"31579"
2991,"63709"
2992,"26010"
2993,"49320"
2994,"78282"
2995,"23670"
2996,"59870"
2997,"74181"
2998,"25931"
2999,"73700"
3000,"33536"
3001,"61575"
3002,"92025"
3003,"52315"
3004,"20693"
3005,"35631"
3006,"29584"
3007,"93281"
3008,"27397"
3009,"70134"
3010,"49560"
3011,"58605"
3012,"61253"
3013,"49651"
3014,"69910"
3015,"70190"
3016,"G0283"
3017,"11471"
3018,"26030"
3019,"27508"
3020,"29850"
3021,"28298"
3022,"59510"
3023,"33477"
3024,"72220"
3025,"G0342"
3026,"33265"
3027,"55520"
3028,"58822"
3029,"49650"
3030,"29086"
3031,"54435"
3032,"21050"
3033,"G0397"
3034,"28103"
3035,"25810"
3036,"35261"
3037,"41826"
3038,"69642"
3039,"93892"
3040,"32200"
3041,"64410"
3042,"64616"
3043,"78020"
3044,"14041"
3045,"38510"
3046,"56606"
3047,"64832"
3048,"26562"
3049,"43100"
3050,"74183"
3051,"10040"
3052,"28805"
3053,"19284"
3054,"28750"
3055,"88312"
3056,"64415"
3057,"96900"
3058,"36625"
3059,"35188"
3060,"50547"
3061,"22868"
3062,"93260"
3063,"26555"
3064,"42810"
3065,"27615"
3066,"63280"
3067,"26352"
3068,"11950"
3069,"33964"
3070,"54328"
3071,"21407"
3072,"31646"
3073,"33222"
3074,"35623"
3075,"53440"
3076,"73723"
3077,"41520"
3078,"44373"
3079,"50557"
3080,"27267"
3081,"45190"
3082,"72100"
3083,"96105"
3084,"15920"
3085,"54332"
3086,"61600"
3087,"20103"
3088,"27280"
3089,"37230"
3090,"49446"
3091,"62291"
3092,"62362"
3093,"63091"
3094,"88172"
3095,"24079"
3096,"35518"
3097,"65755"
3098,"52648"
3099,"78601"
3100,"78215"
3101,"63082"
3102,"44720"
3103,"64568"
3104,"27616"
3105,"47100"
3106,"55865"
3107,"76805"
3108,"77053"
3109,"99231"
3110,"19272"
3111,"63015"
3112,"77620"
3113,"21243"
3114,"21401"
3115,"25145"
3116,"27254"
3117,"70350"
3118,"24331"
3119,"65135"
3120,"34805"
3121,"51535"
3122,"97606"
3123,"43237"
3124,"64681"
3125,"93970"
3126,"26554"
3127,"43240"
3128,"38747"
3129,"55680"
3130,"63001"
3131,"22818"
3132,"27245"
3133,"70546"
3134,"68330"
3135,"93798"
3136,"20662"
3137,"23800"
3138,"45126"
3139,"63195"
3140,"73100"
3141,"95146"
3142,"90970"
3143,"25085"
3144,"28130"
3145,"54150"
3146,"64550"
3147,"49460"
3148,"47711"
3149,"23472"
3150,"19296"
3151,"25265"
3152,"31654"
3153,"20972"
3154,"20938"
3155,"43197"
3156,"59618"
3157,"27097"
3158,"37224"
3159,"29895"
3160,"58270"
3161,"25676"
3162,"52341"
3163,"62267"
3164,"17004"
3165,"31725"
3166,"36217"
3167,"47420"
3168,"28305"
3169,"33418"
3170,"27111"
3171,"43262"
3172,"33647"
3173,"61781"
3174,"10061"
3175,"15120"
3176,"20500"
3177,"36810"
3178,"33504"
3179,"41010"
3180,"67220"
3181,"19305"
3182,"45390"
3183,"62324"
3184,"64435"
3185,"42410"
3186,"93306"
3187,"70200"
3188,"92584"
3189,"49451"
3190,"43631"
3191,"24340"
3192,"33962"
3193,"38240"
3194,"45563"
3195,"93279"
3196,"93660"
3197,"99211"
3198,"29015"
3199,"25442"
3200,"G0268"
3201,"64738"
3202,"40702"
3203,"45400"
3204,"36821"
3205,"71030"
3206,"29435"
3207,"35621"
3208,"61345"
3209,"88311"
3210,"59300"
3211,"35558"
3212,"24498"
3213,"27726"
3214,"67904"
3215,"26952"
3216,"64633"
3217,"10021"
3218,"27165"
3219,"74020"
3220,"78710"
3221,"27200"
3222,"67916"
3223,"69155"
3224,"64864"
3225,"28600"
3226,"65286"
3227,"94002"
3228,"46900"
3229,"54861"
3230,"67570"
3231,"31296"
3232,"36522"
3233,"23455"
3234,"29240"
3235,"25360"
3236,"42235"
3237,"G0396"
3238,"22864"
3239,"27823"
3240,"49436"
3241,"95971"
3242,"95907"
3243,"31645"
3244,"49002"
3245,"99282"
3246,"64463"
3247,"G0473"
3248,"43610"
3249,"61305"
3250,"28092"
3251,"28234"
3252,"32998"
3253,"45307"
3254,"42870"
3255,"47371"
3256,"95800"
3257,"78014"
3258,"54400"
3259,"30150"
3260,"43622"
3261,"15834"
3262,"26556"
3263,"28173"
3264,"76828"
3265,"28295"
3266,"49600"
3267,"21260"
3268,"26720"
3269,"52265"
3270,"63173"
3271,"90956"
3272,"33973"
3273,"52235"
3274,"59350"
3275,"25130"
3276,"33610"
3277,"69310"
3278,"96422"
3279,"33977"
3280,"74360"
3281,"45346"
3282,"97150"
3283,"26587"
3284,"95864"
3285,"77075"
3286,"36475"
3287,"26608"
3288,"37760"
3289,"27704"
3290,"61796"
3291,"35301"
3292,"41872"
3293,"78291"
3294,"21245"
3295,"58562"
3296,"19081"
3297,"64643"
3298,"32604"
3299,"35556"
3300,"41252"
3301,"49402"
3302,"32405"
3303,"32667"
3304,"35694"
3305,"49611"
3306,"74150"
3307,"46020"
3308,"53260"
3309,"58950"
3310,"12042"
3311,"47563"
3312,"90951"
3313,"65105"
3314,"G0180"
3315,"63046"
3316,"53240"
3317,"11643"
3318,"22865"
3319,"29582"
3320,"24101"
3321,"57240"
3322,"20910"
3323,"74178"
3324,"G0445"
3325,"27570"
3326,"32553"
3327,"25400"
3328,"37619"
3329,"76821"
3330,"64771"
3331,"45337"
3332,"68360"
3333,"37252"
3334,"54700"
3335,"24077"
3336,"23473"
3337,"75898"
3338,"20802"
3339,"35536"
3340,"46040"
3341,"71022"
3342,"64420"
3343,"17107"
3344,"96125"
3345,"78305"
3346,"97804"
3347,"19271"
3348,"64653"
3349,"44721"
3350,"27391"
3351,"61333"
3352,"66172"
3353,"50920"
3354,"15277"
3355,"27692"
3356,"41016"
3357,"15780"
3358,"75893"
3359,"29915"
3360,"23625"
3361,"88364"
3362,"G6011"
3363,"32552"
3364,"36246"
3365,"27691"
3366,"24470"
3367,"28760"
3368,"50430"
3369,"28308"
3370,"54220"
3371,"33015"
3372,"95923"
3373,"78494"
3374,"33256"
3375,"12045"
3376,"33412"
3377,"36510"
3378,"97124"
3379,"42650"
3380,"31612"
3381,"24535"
3382,"44363"
3383,"31290"
3384,"61750"
3385,"64905"
3386,"G0402"
3387,"62355"
3388,"60545"
3389,"72129"
3390,"11642"
3391,"64615"
3392,"29425"
3393,"20962"
3394,"35642"
3395,"63661"
3396,"54000"
3397,"33249"
3398,"61151"
3399,"67227"
3400,"61645"
3401,"58140"
3402,"27370"
3403,"58720"
3404,"33221"
3405,"21230"
3406,"64566"
3407,"51530"
3408,"22558"
3409,"42409"
3410,"32815"
3411,"42305"
3412,"G0296"
3413,"28238"
3414,"94781"
3415,"25390"
3416,"28810"
3417,"40652"
3418,"95115"
3419,"22808"
3420,"43327"
3421,"64760"
3422,"29881"
3423,"26341"
3424,"28008"
3425,"49324"
3426,"33958"
3427,"57106"
3428,"54001"
3429,"23470"
3430,"50694"
3431,"28288"
3432,"78103"
3433,"20551"
3434,"25825"
3435,"78306"
3436,"99235"
3437,"61581"
3438,"11402"
3439,"15839"
3440,"36598"
3441,"36909"
3442,"70470"
3443,"23525"
3444,"54520"
3445,"68816"
3446,"43605"
3447,"27086"
3448,"44110"
3449,"94014"
3450,"21044"
3451,"21295"
3452,"61314"
3453,"69632"
3454,"64488"
3455,"49505"
3456,"67924"
3457,"33922"
3458,"66225"
3459,"26776"
3460,"63300"
3461,"28107"
3462,"50953"
3463,"15937"
3464,"22844"
3465,"35875"
3466,"99202"
3467,"21145"
3468,"49500"
3469,"88187"
3470,"69005"
3471,"33840"
3472,"73702"
3473,"26910"
3474,"65210"
3475,"66825"
3476,"21016"
3477,"29450"
3478,"67961"
3479,"43850"
3480,"68801"
3481,"41153"
3482,"27146"
3483,"35523"
3484,"15732"
3485,"27412"
3486,"58943"
3487,"92526"
3488,"57461"
3489,"23465"
3490,"44005"
3491,"48545"
3492,"73010"
3493,"48154"
3494,"61615"
3495,"37145"
3496,"61619"
3497,"80502"
3498,"37500"
3499,"12032"
3500,"15944"
3501,"61521"
3502,"15221"
3503,"35691"
3504,"51792"
3505,"40800"
3506,"45382"
3507,"27724"
3508,"50010"
3509,"54522"
3510,"64446"
3511,"55000"
3512,"64605"
3513,"72040"
3514,"41135"
3515,"27556"
3516,"27454"
3517,"76856"
3518,"92610"
3519,"33031"
3520,"28496"
3521,"21390"
3522,"27087"
3523,"21280"
3524,"30802"
3525,"78258"
3526,"73650"
3527,"58540"
3528,"31292"
3529,"92019"
3530,"41830"
3531,"23935"
3532,"33223"
3533,"73222"
3534,"58150"
3535,"63707"
3536,"74328"
3537,"28118"
3538,"37722"
3539,"90945"
3540,"95927"
3541,"32905"
3542,"57421"
3543,"61108"
3544,"64483"
3545,"27005"
3546,"48554"
3547,"99345"
3548,"32096"
3549,"76813"
3550,"11012"
3551,"93315"
3552,"29325"
3553,"30130"
3554,"46505"
3555,"57280"
3556,"58740"
3557,"22511"
3558,"78605"
3559,"24359"
3560,"40510"
3561,"48145"
3562,"95861"
3563,"17266"
3564,"23406"
3565,"27681"
3566,"43335"
3567,"93750"
3568,"58661"
3569,"61586"
3570,"32540"
3571,"70487"
3572,"50045"
3573,"35638"
3574,"23190"
3575,"27425"
3576,"30117"
3577,"78730"
3578,"58565"
3579,"76511"
3580,"77790"
3581,"23466"
3582,"64890"
3583,"88363"
3584,"90865"
3585,"95975"
3586,"47765"
3587,"33684"
3588,"67810"
3589,"44150"
3590,"57456"
3591,"61606"
3592,"49465"
3593,"57112"
3594,"96416"
3595,"37183"
3596,"26991"
3597,"33241"
3598,"88141"
3599,"93930"
3600,"43453"
3601,"28312"
3602,"64495"
3603,"G0504"
3604,"35905"
3605,"68525"
3606,"23172"
3607,"72147"
3608,"78070"
3609,"78016"
3610,"42340"
3611,"19082"
3612,"26260"
3613,"26494"
3614,"55250"
3615,"77059"
3616,"26742"
3617,"68440"
3618,"50980"
3619,"76940"
3620,"33010"
3621,"42106"
3622,"92975"
3623,"90960"
3624,"40801"
3625,"51715"
3626,"21346"
3627,"29838"
3628,"35092"
3629,"41120"
3630,"35540"
3631,"62148"
3632,"67218"
3633,"57330"
3634,"74410"
3635,"27635"
3636,"33969"
3637,"75561"
3638,"28456"
3639,"31239"
3640,"74740"
3641,"67922"
3642,"51925"
3643,"78075"
3644,"21345"
3645,"57220"
3646,"67107"
3647,"75894"
3648,"77333"
3649,"78483"
3650,"89230"
3651,"59200"
3652,"21325"
3653,"95812"
3654,"50340"
3655,"35571"
3656,"29827"
3657,"28232"
3658,"55120"
3659,"35021"
3660,"56631"
3661,"99355"
3662,"11760"
3663,"63064"
3664,"56637"
3665,"27685"
3666,"67971"
3667,"62284"
3668,"11644"
3669,"15830"
3670,"21209"
3671,"61340"
3672,"20250"
3673,"20974"
3674,"60271"
3675,"15820"
3676,"43278"
3677,"28515"
3678,"59070"
3679,"32800"
3680,"45320"
3681,"27637"
3682,"62005"
3683,"21408"
3684,"92604"
3685,"25425"
3686,"69501"
3687,"93640"
3688,"28160"
3689,"33213"
3690,"43773"
3691,"94004"
3692,"77001"
3693,"62264"
3694,"71034"
3695,"27405"
3696,"15135"
3697,"51610"
3698,"93702"
3699,"88344"
3700,"90792"
3701,"21183"
3702,"21081"
3703,"68700"
3704,"95970"
3705,"90472"
3706,"26727"
3707,"52500"
3708,"99221"
3709,"49654"
3710,"33226"
3711,"27886"
3712,"32482"
3713,"23066"
3714,"50060"
3715,"51729"
3716,"33820"
3717,"62145"
3718,"73090"
3719,"53621"
3720,"76886"
3721,"58673"
3722,"23550"
3723,"67820"
3724,"31085"
3725,"25685"
3726,"32562"
3727,"24134"
3728,"59515"
3729,"59820"
3730,"61635"
3731,"G9482"
3732,"23335"
3733,"69930"
3734,"88300"
3735,"50320"
3736,"75809"
3737,"21029"
3738,"62325"
3739,"78630"
3740,"31086"
3741,"31090"
3742,"92544"
3743,"36013"
3744,"97537"
3745,"45130"
3746,"43248"
3747,"57307"
3748,"70545"
3749,"27810"
3750,"19020"
3751,"31051"
3752,"38746"
3753,"G9685"
3754,"21116"
3755,"86153"
3756,"41100"
3757,"32400"
3758,"50328"
3759,"25393"
3760,"27786"
3761,"33965"
3762,"61797"
3763,"70482"
3764,"78452"
3765,"11444"
3766,"26645"
3767,"23350"
3768,"34203"
3769,"19105"
3770,"55200"
3771,"64569"
3772,"42408"
3773,"38120"
3774,"17000"
3775,"46751"
3776,"22632"
3777,"35500"
3778,"22556"
3779,"88362"
3780,"22856"
3781,"48102"
3782,"75880"
3783,"92564"
3784,"30905"
3785,"53270"
3786,"67010"
3787,"95905"
3788,"54125"
3789,"63011"
3790,"49421"
3791,"32100"
3792,"67914"
3793,"35509"
3794,"11008"
3795,"42104"
3796,"92228"
3797,"68705"
3798,"74340"
3799,"62326"
3800,"28260"
3801,"35372"
3802,"11721"
3803,"63278"
3804,"95869"
3805,"15758"
3806,"36450"
3807,"61480"
3808,"77427"
3809,"25927"
3810,"63066"
3811,"97112"
3812,"31625"
3813,"77318"
3814,"35246"
3815,"51880"
3816,"67041"
3817,"45135"
3818,"28665"
3819,"30901"
3820,"92986"
3821,"85576"
3822,"88342"
3823,"54405"
3824,"37761"
3825,"54360"
3826,"25263"
3827,"63306"
3828,"95180"
3829,"26357"
3830,"78635"
3831,"11400"
3832,"86334"
3833,"55600"
3834,"44389"
3835,"23620"
3836,"25526"
3837,"61322"
3838,"28455"
3839,"92132"
3840,"19366"
3841,"28755"
3842,"25909"
3843,"42505"
3844,"78185"
3845,"23395"
3846,"31256"
3847,"59140"
3848,"92571"
3849,"64872"
3850,"75833"
3851,"33768"
3852,"57415"
3853,"40830"
3854,"39501"
3855,"33474"
3856,"57452"
3857,"25350"
3858,"63252"
3859,"63290"
3860,"77261"
3861,"27687"
3862,"45114"
3863,"47300"
3864,"53660"
3865,"78812"
3866,"33767"
3867,"64517"
3868,"G0141"
3869,"33516"
3870,"27762"
3871,"64897"
3872,"73615"
3873,"61500"
3874,"64620"
3875,"23585"
3876,"14302"
3877,"17273"
3878,"26445"
3879,"27257"
3880,"95874"
3881,"62360"
3882,"57288"
3883,"G0247"
3884,"29355"
3885,"96116"
3886,"43252"
3887,"25624"
3888,"20979"
3889,"78120"
3890,"49904"
3891,"92933"
3892,"11602"
3893,"66710"
3894,"95144"
3895,"21356"
3896,"23333"
3897,"43282"
3898,"68500"
3899,"94452"
3900,"64809"
3901,"70548"
3902,"46754"
3903,"66630"
3904,"61510"
3905,"77021"
3906,"22854"
3907,"33755"
3908,"77084"
3909,"19301"
3910,"36830"
3911,"13133"
3912,"20816"
3913,"32661"
3914,"61330"
3915,"61608"
3916,"96413"
3917,"99222"
3918,"21465"
3919,"42225"
3920,"94645"
3921,"23532"
3922,"23040"
3923,"27602"
3924,"48146"
3925,"99358"
3926,"62323"
3927,"55831"
3928,"92311"
3929,"G6015"
3930,"67840"
3931,"27524"
3932,"30450"
3933,"73725"
3934,"28450"
3935,"78473"
3936,"76604"
3937,"11970"
3938,"G0108"
3939,"77072"
3940,"47553"
3941,"27827"
3942,"27067"
3943,"30210"
3944,"65865"
3945,"76376"
3946,"62322"
3947,"33503"
3948,"21127"
3949,"35271"
3950,"54450"
3951,"67908"
3952,"31510"
3953,"31626"
3954,"74010"
3955,"23174"
3956,"28020"
3957,"33916"
3958,"24164"
3959,"20937"
3960,"63251"
3961,"32557"
3962,"43212"
3963,"35355"
3964,"43775"
3965,"90834"
3966,"33778"
3967,"77767"
3968,"15953"
3969,"22207"
3970,"52290"
3971,"36835"
3972,"30430"
3973,"23410"
3974,"36252"
3975,"33330"
3976,"74300"
3977,"75984"
3978,"71015"
3979,"91013"
3980,"42100"
3981,"22220"
3982,"38765"
3983,"26428"
3984,"70360"
3985,"28725"
3986,"96361"
3987,"25210"
3988,"96118"
3989,"38790"
3990,"45541"
3991,"27641"
3992,"43405"
3993,"60540"
3994,"49424"
3995,"31288"
3996,"33822"
3997,"34804"
3998,"65710"
3999,"50575"
4000,"21146"
4001,"74240"
4002,"29580"
4003,"26561"
4004,"93797"
4005,"47460"
4006,"59000"
4007,"77073"
4008,"26605"
4009,"35522"
4010,"11401"
4011,"33507"
4012,"45160"
4013,"33413"
4014,"38740"
4015,"43831"
4016,"93352"
4017,"54415"
4018,"50389"
4019,"57800"
4020,"69150"
4021,"76975"
4022,"95875"
4023,"26116"
4024,"29902"
4025,"37220"
4026,"35510"
4027,"97597"
4028,"78725"
4029,"24435"
4030,"26410"
4031,"25320"
4032,"61697"
4033,"64484"
4034,"69990"
4035,"77012"
4036,"28054"
4037,"28890"
4038,"64508"
4039,"33011"
4040,"70488"
4041,"46258"
4042,"21685"
4043,"64714"
4044,"27110"
4045,"64726"
4046,"24140"
4047,"37228"
4048,"67255"
4049,"75565"
4050,"68720"
4051,"77321"
4052,"63170"
4053,"91010"
4054,"49590"
4055,"92960"
4056,"44146"
4057,"61711"
4058,"97113"
4059,"29065"
4060,"54348"
4061,"22102"
4062,"57400"
4063,"64786"
4064,"35001"
4065,"58958"
4066,"70260"
4067,"74420"
4068,"95147"
4069,"69905"
4070,"99472"
4071,"12035"
4072,"26480"
4073,"57311"
4074,"75733"
4075,"50782"
4076,"58800"
4077,"66850"
4078,"78806"
4079,"94664"
4080,"64744"
4081,"20924"
4082,"73020"
4083,"69603"
4084,"93615"
4085,"28340"
4086,"93024"
4087,"74022"
4088,"40840"
4089,"42220"
4090,"50572"
4091,"57558"
4092,"19325"
4093,"69950"
4094,"25905"
4095,"64704"
4096,"30310"
4097,"58957"
4098,"64455"
4099,"69550"
4100,"25375"
4101,"78709"
4102,"50820"
4103,"51590"
4104,"94690"
4105,"G0426"
4106,"20550"
4107,"67550"
4108,"45378"
4109,"29530"
4110,"34502"
4111,"21048"
4112,"44010"
4113,"57135"
4114,"25545"
4115,"25295"
4116,"61860"
4117,"57540"
4118,"67115"
4119,"11983"
4120,"64505"
4121,"92567"
4122,"G6004"
4123,"32491"
4124,"43337"
4125,"52240"
4126,"66183"
4127,"15835"
4128,"49084"
4129,"50760"
4130,"30903"
4131,"24420"
4132,"78458"
4133,"25430"
4134,"72270"
4135,"27727"
4136,"23505"
4137,"64861"
4138,"25066"
4139,"50660"
4140,"26841"
4141,"43200"
4142,"11750"
4143,"52353"
4144,"15050"
4145,"35654"
4146,"88371"
4147,"G0276"
4148,"20969"
4149,"33886"
4150,"19283"
4151,"67113"
4152,"33764"
4153,"56633"
4154,"29040"
4155,"33510"
4156,"27450"
4157,"99204"
4158,"34151"
4159,"47382"
4160,"75803"
4161,"78121"
4162,"92616"
4163,"65779"
4164,"21620"
4165,"97750"
4166,"27707"
4167,"41530"
4168,"96420"
4169,"58145"
4170,"95833"
4171,"15836"
4172,"73080"
4173,"73610"
4174,"44365"
4175,"64755"
4176,"23485"
4177,"73590"
4178,"76811"
4179,"27884"
4180,"26060"
4181,"58750"
4182,"90473"
4183,"35697"
4184,"27725"
4185,"75746"
4186,"22214"
4187,"88377"
4188,"25337"
4189,"27766"
4190,"47015"
4191,"21268"
4192,"57295"
4193,"32609"
4194,"45800"
4195,"63267"
4196,"28302"
4197,"67850"
4198,"27496"
4199,"36160"
4200,"93530"
4201,"62294"
4202,"66605"
4203,"25690"
4204,"28022"
4205,"53450"
4206,"63308"
4207,"22114"
4208,"64783"
4209,"17360"
4210,"61107"
4211,"73110"
4212,"76800"
4213,"25600"
4214,"55725"
4215,"78803"
4216,"26530"
4217,"92283"
4218,"29856"
4219,"29887"
4220,"51605"
4221,"60300"
4222,"20100"
4223,"21501"
4224,"92317"
4225,"29835"
4226,"32215"
4227,"61585"
4228,"96406"
4229,"44603"
4230,"21025"
4231,"92937"
4232,"64746"
4233,"51040"
4234,"42720"
4235,"92568"
4236,"24582"
4237,"27356"
4238,"27025"
4239,"31541"
4240,"44211"
4241,"63200"
4242,"61541"
4243,"29916"
4244,"35141"
4245,"62194"
4246,"73560"
4247,"93314"
4248,"54505"
4249,"63620"
4250,"70498"
4251,"96523"
4252,"19110"
4253,"50551"
4254,"21046"
4255,"72084"
4256,"93227"
4257,"21084"
4258,"50365"
4259,"44605"
4260,"54162"
4261,"95808"
4262,"23700"
4263,"91037"
4264,"73223"
4265,"44379"
4266,"27364"
4267,"40819"
4268,"67121"
4269,"28285"
4270,"63268"
4271,"38308"
4272,"11646"
4273,"44345"
4274,"23552"
4275,"49557"
4276,"58670"
4277,"17314"
4278,"41874"
4279,"63744"
4280,"67145"
4281,"96003"
4282,"51060"
4283,"24430"
4284,"53080"
4285,"35216"
4286,"54417"
4287,"37223"
4288,"46748"
4289,"25136"
4290,"25248"
4291,"27507"
4292,"30140"
4293,"67332"
4294,"78740"
4295,"95865"
4296,"69662"
4297,"54111"
4298,"93653"
4299,"31237"
4300,"36440"
4301,"99291"
4302,"27535"
4303,"27648"
4304,"96369"
4305,"70210"
4306,"11740"
4307,"75957"
4308,"35241"
4309,"44604"
4310,"52327"
4311,"72110"
4312,"61550"
4313,"35881"
4314,"42953"
4315,"92620"
4316,"26358"
4317,"G0503"
4318,"70544"
4319,"10120"
4320,"28104"
4321,"77063"
4322,"96373"
4323,"15935"
4324,"G0127"
4325,"35305"
4326,"11604"
4327,"33225"
4328,"54200"
4329,"26568"
4330,"35606"
4331,"41009"
4332,"43410"
4333,"64837"
4334,"69715"
4335,"G0329"
4336,"27093"
4337,"27290"
4338,"61557"
4339,"50562"
4340,"93225"
4341,"61613"
4342,"26121"
4343,"54550"
4344,"21083"
4345,"38220"
4346,"73201"
4347,"27036"
4348,"33513"
4349,"45990"
4350,"27070"
4351,"33889"
4352,"11200"
4353,"23146"
4354,"25077"
4355,"58400"
4356,"43260"
4357,"14061"
4358,"31576"
4359,"70380"
4360,"92998"
4361,"40812"
4362,"27395"
4363,"32097"
4364,"61864"
4365,"26860"
4366,"11640"
4367,"93562"
4368,"24505"
4369,"35331"
4370,"26517"
4371,"26542"
4372,"37221"
4373,"47539"
4374,"93610"
4375,"26541"
4376,"32654"
4377,"49587"
4378,"49205"
4379,"10030"
4380,"69502"
4381,"62121"
4382,"21320"
4383,"33722"
4384,"12051"
4385,"94680"
4386,"43753"
4387,"23660"
4388,"G0130"
4389,"G0206"
4390,"31255"
4391,"31546"
4392,"67923"
4393,"34471"
4394,"78012"
4395,"36575"
4396,"46753"
4397,"40761"
4398,"64585"
4399,"22328"
4400,"24300"
4401,"95870"
4402,"G9481"
4403,"59620"
4404,"99356"
4405,"71130"
4406,"12014"
4407,"54336"
4408,"95955"
4409,"37788"
4410,"48540"
4411,"57500"
4412,"27134"
4413,"57180"
4414,"93563"
4415,"61543"
4416,"76819"
4417,"75574"
4418,"88360"
4419,"27240"
4420,"92312"
4421,"33982"
4422,"58293"
4423,"27882"
4424,"50230"
4425,"66940"
4426,"96570"
4427,"93503"
4428,"76641"
4429,"42972"
4430,"74261"
4431,"49492"
4432,"33512"
4433,"70332"
4434,"72194"
4435,"58267"
4436,"64445"
4437,"27626"
4438,"76120"
4439,"11921"
4440,"58152"
4441,"15832"
4442,"47780"
4443,"35563"
4444,"77280"
4445,"25440"
4446,"31624"
4447,"50370"
4448,"35091"
4449,"27045"
4450,"21080"
4451,"86327"
4452,"96935"
4453,"31254"
4454,"55845"
4455,"59855"
4456,"63685"
4457,"28360"
4458,"43500"
4459,"23334"
4460,"93564"
4461,"28043"
4462,"45805"
4463,"26499"
4464,"63302"
4465,"64818"
4466,"13151"
4467,"65110"
4468,"68040"
4469,"20101"
4470,"26390"
4471,"38780"
4472,"56420"
4473,"29581"
4474,"G0289"
4475,"44316"
4476,"33966"
4477,"24931"
4478,"28345"
4479,"57310"
4480,"15100"
4481,"27269"
4482,"57022"
4483,"92250"
4484,"93644"
4485,"27889"
4486,"31276"
4487,"52441"
4488,"33508"
4489,"33736"
4490,"28060"
4491,"43510"
4492,"67974"
4493,"33217"
4494,"33259"
4495,"35761"
4496,"29862"
4497,"62000"
4498,"12055"
4499,"30220"
4500,"10180"
4501,"23180"
4502,"28306"
4503,"21555"
4504,"44680"
4505,"17270"
4506,"47600"
4507,"11624"
4508,"19100"
4509,"21077"
4510,"38102"
4511,"27334"
4512,"47715"
4513,"58570"
4514,"78320"
4515,"28200"
4516,"21338"
4517,"21421"
4518,"27665"
4519,"77610"
4520,"23145"
4521,"95961"
4522,"57520"
4523,"98942"
4524,"33250"
4525,"15151"
4526,"33320"
4527,"26111"
4528,"42900"
4529,"78708"
4530,"21026"
4531,"63086"
4532,"27365"
4533,"67505"
4534,"25431"
4535,"25444"
4536,"92522"
4537,"95251"
4538,"57156"
4539,"73503"
4540,"35525"
4541,"64772"
4542,"93050"
4543,"75831"
4544,"43621"
4545,"63101"
4546,"47533"
4547,"27357"
4548,"76827"
4549,"47543"
4550,"23931"
4551,"58573"
4552,"64820"
4553,"76100"
4554,"46045"
4555,"54340"
4556,"44180"
4557,"99479"
4558,"35516"
4559,"53431"
4560,"14000"
4561,"44120"
4562,"57155"
4563,"27151"
4564,"64766"
4565,"27715"
4566,"32653"
4567,"44310"
4568,"33781"
4569,"60270"
4570,"64718"
4571,"33665"
4572,"46255"
4573,"27645"
4574,"37187"
4575,"25525"
4576,"26478"
4577,"20920"
4578,"93000"
4579,"46270"
4580,"57267"
4581,"36620"
4582,"46050"
4583,"74182"
4584,"40814"
4585,"50930"
4586,"61154"
4587,"61770"
4588,"27442"
4589,"24075"
4590,"35102"
4591,"96446"
4592,"27540"
4593,"29863"
4594,"54437"
4595,"61782"
4596,"57510"
4597,"32666"
4598,"59841"
4599,"15837"
4600,"43847"
4601,"67911"
4602,"11770"
4603,"23545"
4604,"27248"
4605,"35612"
4606,"15241"
4607,"33366"
4608,"21155"
4609,"36566"
4610,"40808"
4611,"22310"
4612,"95938"
4613,"22853"
4614,"92950"
4615,"G0427"
4616,"41112"
4617,"59610"
4618,"49405"
4619,"22842"
4620,"66720"
4621,"93316"
4622,"33523"
4623,"24576"
4624,"43264"
4625,"49082"
4626,"58552"
4627,"68326"
4628,"43270"
4629,"99170"
4630,"32650"
4631,"G0246"
4632,"28226"
4633,"67340"
4634,"78801"
4635,"25215"
4636,"93612"
4637,"26820"
4638,"90853"
4639,"30620"
4640,"27301"
4641,"78761"
4642,"38221"
4643,"24930"
4644,"77081"
4645,"50405"
4646,"43180"
4647,"61703"
4648,"55873"
4649,"61460"
4650,"69433"
4651,"65155"
4652,"67450"
4653,"65730"
4654,"17110"
4655,"25078"
4656,"74713"
4657,"43757"
4658,"34401"
4659,"22634"
4660,"46742"
4661,"61582"
4662,"29907"
4663,"93623"
4664,"30580"
4665,"31081"
4666,"99310"
4667,"49652"
4668,"50290"
4669,"93453"
4670,"G0413"
4671,"35632"
4672,"44300"
4673,"35022"
4674,"72050"
4675,"77372"
4676,"77761"
4677,"92265"
4678,"43284"
4679,"G0372"
4680,"25565"
4681,"93631"
4682,"21206"
4683,"46740"
4684,"27235"
4685,"99460"
4686,"54420"
4687,"55040"
4688,"90847"
4689,"32098"
4690,"43772"
4691,"24301"
4692,"27472"
4693,"33272"
4694,"95783"
4695,"21387"
4696,"97530"
4697,"28193"
4698,"92002"
4699,"50395"
4700,"24065"
4701,"27057"
4702,"43274"
4703,"65900"
4704,"64553"
4705,"93040"
4706,"50081"
4707,"11451"
4708,"65781"
4709,"67973"
4710,"44346"
4711,"44820"
4712,"42145"
4713,"95079"
4714,"36515"
4715,"57230"
4716,"78315"
4717,"19396"
4718,"61692"
4719,"93285"
4720,"51860"
4721,"50130"
4722,"36514"
4723,"24344"
4724,"95052"
4725,"36597"
4726,"11719"
4727,"70559"
4728,"20225"
4729,"21180"
4730,"92240"
4731,"69120"
4732,"44145"
4733,"76812"
4734,"67346"
4735,"57291"
4736,"21125"
4737,"25609"
4738,"25301"
4739,"21235"
4740,"33215"
4741,"22857"
4742,"61567"
4743,"69745"
4744,"51798"
4745,"24073"
4746,"27286"
4747,"62200"
4748,"64836"
4749,"31634"
4750,"52276"
4751,"31560"
4752,"31775"
4753,"53444"
4754,"44370"
4755,"78453"
4756,"70460"
4757,"43340"
4758,"27591"
4759,"46070"
4760,"56515"
4761,"27566"
4762,"41000"
4763,"58662"
4764,"13160"
4765,"31545"
4766,"35266"
4767,"57423"
4768,"25100"
4769,"31375"
4770,"50220"
4771,"G0365"
4772,"95806"
4773,"57550"
4774,"20552"
4775,"47535"
4776,"25445"
4777,"75625"
4778,"50715"
4779,"24136"
4780,"27695"
4781,"G0106"
4782,"23630"
4783,"92520"
4784,"33986"
4785,"38900"
4786,"33224"
4787,"33422"
4788,"11462"
4789,"33968"
4790,"93325"
4791,"40842"
4792,"75559"
4793,"92547"
4794,"36011"
4795,"53275"
4796,"67318"
4797,"11441"
4798,"70336"
4799,"61601"
4800,"27345"
4801,"30124"
4802,"61885"
4803,"99284"
4804,"64898"
4805,"31525"
4806,"55920"
4807,"67710"
4808,"22847"
4809,"64788"
4810,"35686"
4811,"43246"
4812,"58600"
4813,"67110"
4814,"27532"
4815,"36906"
4816,"G0403"
4817,"78272"
4818,"G0502"
4819,"37140"
4820,"99155"
4821,"27284"
4822,"33025"
4823,"11900"
4824,"88346"
4825,"G0166"
4826,"35341"
4827,"27625"
4828,"76881"
4829,"70355"
4830,"91030"
4831,"36015"
4832,"60260"
4833,"30420"
4834,"52345"
4835,"78205"
4836,"92284"
4837,"25300"
4838,"25335"
4839,"37222"
4840,"33732"
4841,"76941"
4842,"77771"
4843,"24575"
4844,"92997"
4845,"50686"
4846,"54324"
4847,"78807"
4848,"43820"
4849,"21246"
4850,"27605"
4851,"33670"
4852,"95956"
4853,"14350"
4854,"27696"
4855,"37227"
4856,"23400"
4857,"28102"
4858,"78451"
4859,"63663"
4860,"26641"
4861,"49441"
4862,"95991"
4863,"11004"
4864,"65114"
4865,"78804"
4866,"50384"
4867,"66985"
4868,"69535"
4869,"97598"
4870,"61321"
4871,"34830"
4872,"23655"
4873,"47552"
4874,"26686"
4875,"72190"
4876,"77263"
4877,"70551"
4878,"31536"
4879,"38101"
4880,"54535"
4881,"95803"
4882,"27656"
4883,"32669"
4884,"46220"
4885,"93890"
4886,"35151"
4887,"61702"
4888,"26596"
4889,"48150"
4890,"93923"
4891,"23600"
4892,"51700"
4893,"22226"
4894,"58952"
4895,"44320"
4896,"21925"
4897,"21147"
4898,"68325"
4899,"54163"
4900,"23650"
4901,"27138"
4902,"35616"
4903,"20692"
4904,"75825"
4905,"92542"
4906,"46710"
4907,"27295"
4908,"70150"
4909,"21210"
4910,"45317"
4911,"92617"
4912,"47000"
4913,"25260"
4914,"49400"
4915,"61596"
4916,"20220"
4917,"71111"
4918,"45303"
4919,"93295"
4920,"15757"
4921,"33617"
4922,"65260"
4923,"29010"
4924,"64555"
4925,"76705"
4926,"99217"
4927,"59851"
4928,"34101"
4929,"15941"
4930,"88305"
4931,"21244"
4932,"26130"
4933,"93609"
4934,"57150"
4935,"77293"
4936,"67801"
4937,"15922"
4938,"64611"
4939,"33020"
4940,"27041"
4941,"93978"
4942,"78015"
4943,"63030"
4944,"11422"
4945,"86490"
4946,"38305"
4947,"33766"
4948,"40843"
4949,"63276"
4950,"93580"
4951,"90968"
4952,"37605"
4953,"57111"
4954,"64630"
4955,"53448"
4956,"42280"
4957,"77074"
4958,"78216"
4959,"33984"
4960,"37249"
4961,"78466"
4962,"27630"
4963,"72120"
4964,"27001"
4965,"46706"
4966,"23044"
4967,"61850"
4968,"27227"
4969,"64413"
4970,"57530"
4971,"88309"
4972,"23675"
4973,"68770"
4974,"31231"
4975,"29885"
4976,"20600"
4977,"44500"
4978,"15736"
4979,"40831"
4980,"78600"
4981,"G9490"
4982,"33694"
4983,"68505"
4984,"15600"
4985,"96409"
4986,"27140"
4987,"33500"
4988,"33202"
4989,"67901"
4990,"40527"
4991,"30000"
4992,"69610"
4993,"29899"
4994,"67039"
4995,"25675"
4996,"26485"
4997,"31520"
4998,"22852"
4999,"43257"
5000,"58940"
5001,"17003"
5002,"26450"
5003,"27268"
5004,"21632"
5005,"64493"
5006,"76818"
5007,"29867"
5008,"14020"
5009,"11406"
5010,"27486"
5011,"27502"
5012,"70328"
5013,"92990"
5014,"99328"
5015,"93297"
5016,"58301"
5017,"43800"
5018,"31800"
5019,"61531"
5020,"76885"
5021,"29046"
5022,"62180"
5023,"76814"
5024,"52005"
5025,"97166"
5026,"96425"
5027,"97022"
5028,"28737"
5029,"30462"
5030,"74445"
5031,"55821"
5032,"93461"
5033,"41500"
5034,"88341"
5035,"72148"
5036,"33692"
5037,"31590"
5038,"35201"
5039,"54385"
5040,"36815"
5041,"26593"
5042,"19298"
5043,"78261"
5044,"36831"
5045,"63285"
5046,"25118"
5047,"23570"
5048,"58672"
5049,"70310"
5050,"G0429"
5051,"21385"
5052,"23930"
5053,"31561"
5054,"95805"
5055,"12001"
5056,"43116"
5057,"66820"
5058,"43124"
5059,"45900"
5060,"25115"
5061,"31637"
5062,"37765"
5063,"22315"
5064,"27177"
5065,"49605"
5066,"68530"
5067,"73592"
5068,"77285"
5069,"24332"
5070,"33369"
5071,"24586"
5072,"29871"
5073,"31600"
5074,"45820"
5075,"24370"
5076,"52300"
5077,"33310"
5078,"97610"
5079,"51080"
5080,"35682"
5081,"66930"
5082,"11313"
5083,"73701"
5084,"76945"
5085,"34806"
5086,"95962"
5087,"25028"
5088,"58290"
5089,"27485"
5090,"92545"
5091,"15782"
5092,"75956"
5093,"11300"
5094,"49656"
5095,"63650"
5096,"29550"
5097,"63600"
5098,"72128"
5099,"25105"
5100,"49491"
5101,"42260"
5102,"61863"
5103,"20680"
5104,"54650"
5105,"73202"
5106,"92502"
5107,"93533"
5108,"G6002"
5109,"24330"
5110,"43645"
5111,"65780"
5112,"69915"
5113,"19350"
5114,"63281"
5115,"20205"
5116,"86325"
5117,"21310"
5118,"27501"
5119,"64719"
5120,"25924"
5121,"72191"
5122,"57061"
5123,"88106"
5124,"10060"
5125,"42425"
5126,"10140"
5127,"37618"
5128,"58760"
5129,"64784"
5130,"93291"
5131,"33777"
5132,"23921"
5133,"43760"
5134,"42830"
5135,"45341"
5136,"23106"
5137,"66179"
5138,"G0406"
5139,"52351"
5140,"27675"
5141,"96120"
5142,"22905"
5143,"54840"
5144,"33425"
5145,"55180"
5146,"61630"
5147,"45005"
5148,"88120"
5149,"90935"
5150,"76801"
5151,"42310"
5152,"35142"
5153,"50940"
5154,"93572"
5155,"39000"
5156,"64400"
5157,"55862"
5158,"27831"
5159,"42955"
5160,"51705"
5161,"46715"
5162,"11302"
5163,"26483"
5164,"50580"
5165,"55500"
5166,"72265"
5167,"79005"
5168,"99487"
5169,"49255"
5170,"47554"
5171,"58671"
5172,"66020"
5173,"65870"
5174,"29893"
5175,"60500"
5176,"93620"
5177,"55706"
5178,"68815"
5179,"69505"
5180,"47001"
5181,"70320"
5182,"96904"
5183,"42550"
5184,"66185"
5185,"21395"
5186,"52630"
5187,"53010"
5188,"67210"
5189,"22319"
5190,"88367"
5191,"28119"
5192,"99464"
5193,"G6012"
5194,"59425"
5195,"27360"
5196,"64610"
5197,"43502"
5198,"76380"
5199,"66982"
5200,"17286"
5201,"53430"
5202,"33776"
5203,"61315"
5204,"45520"
5205,"33775"
5206,"57425"
5207,"93010"
5208,"69670"
5209,"93654"
5210,"31240"
5211,"13102"
5212,"27702"
5213,"88331"
5214,"65420"
5215,"32668"
5216,"53852"
5217,"20824"
5218,"26460"
5219,"63051"
5220,"44620"
5221,"19126"
5222,"46917"
5223,"51900"
5224,"32670"
5225,"52282"
5226,"54100"
5227,"62269"
5228,"43235"
5229,"G0414"
5230,"47741"
5231,"20696"
5232,"58520"
5233,"78582"
5234,"41007"
5235,"68745"
5236,"33883"
5237,"24100"
5238,"68400"
5239,"27236"
5240,"58346"
5241,"38525"
5242,"35002"
5243,"45123"
5244,"31780"
5245,"15200"
5246,"15760"
5247,"42180"
5248,"41827"
5249,"61591"
5250,"12031"
5251,"43845"
5252,"69601"
5253,"77432"
5254,"28050"
5255,"92607"
5256,"49422"
5257,"72240"
5258,"33545"
5259,"G0422"
5260,"35647"
5261,"21086"
5262,"67036"
5263,"80500"
5264,"96571"
5265,"65775"
5266,"96152"
5267,"99342"
5268,"12052"
5269,"33214"
5270,"12018"
5271,"33519"
5272,"95873"
5273,"94762"
5274,"27080"
5275,"27125"
5276,"67028"
5277,"26123"
5278,"67027"
5279,"75885"
5280,"21160"
5281,"47740"
5282,"87207"
5283,"96402"
5284,"50382"
5285,"30545"
5286,"45308"
5287,"45332"
5288,"92287"
5289,"32440"
5290,"10080"
5291,"29440"
5292,"11641"
5293,"25695"
5294,"77085"
5295,"99477"
5296,"26770"
5297,"34825"
5298,"36002"
5299,"11976"
5300,"72074"
5301,"54401"
5302,"27781"
5303,"33414"
5304,"63103"
5305,"90837"
5306,"49020"
5307,"54800"
5308,"65205"
5309,"17262"
5310,"44372"
5311,"65800"
5312,"93784"
5313,"25660"
5314,"47802"
5315,"28420"
5316,"15274"
5317,"31571"
5318,"43191"
5319,"11046"
5320,"19288"
5321,"93321"
5322,"51600"
5323,"54230"
5324,"56632"
5325,"21335"
5326,"92285"
5327,"27078"
5328,"G0109"
5329,"28615"
5330,"54865"
5331,"93980"
5332,"94660"
5333,"26775"
5334,"54322"
5335,"74210"
5336,"31512"
5337,"44661"
5338,"33959"
5339,"46610"
5340,"61868"
5341,"69631"
5342,"72141"
5343,"49423"
5344,"21432"
5345,"72072"
5346,"24802"
5347,"67800"
5348,"37660"
5349,"92227"
5350,"25907"
5351,"26474"
5352,"27332"
5353,"33967"
5354,"15650"
5355,"32662"
5356,"31717"
5357,"33238"
5358,"61000"
5359,"44130"
5360,"71552"
5361,"17284"
5362,"96001"
5363,"12047"
5364,"64447"
5365,"50592"
5366,"64862"
5367,"63057"
5368,"94681"
5369,"24577"
5370,"G6003"
5371,"73565"
5372,"88387"
5373,"29806"
5374,"21445"
5375,"26861"
5376,"50570"
5377,"92603"
5378,"43250"
5379,"67825"
5380,"44364"
5381,"32488"
5382,"49655"
5383,"67560"
5384,"63621"
5385,"28555"
5386,"34808"
5387,"46735"
5388,"95117"
5389,"32550"
5390,"36590"
5391,"23120"
5392,"35741"
5393,"49321"
5394,"27606"
5395,"94012"
5396,"29877"
5397,"32851"
5398,"43848"
5399,"63042"
5400,"28299"
5401,"68520"
5402,"25259"
5403,"36262"
5404,"77772"
5405,"32551"
5406,"36585"
5407,"49572"
5408,"28072"
5409,"31632"
5410,"35565"
5411,"58956"
5412,"68371"
5413,"25505"
5414,"61705"
5415,"25116"
5416,"27228"
5417,"27071"
5418,"50961"
5419,"73218"
5420,"45111"
5421,"27892"
5422,"40701"
5423,"73502"
5424,"97110"
5425,"46080"
5426,"94760"
5427,"26665"
5428,"47785"
5429,"75842"
5430,"28636"
5431,"33762"
5432,"22510"
5433,"28045"
5434,"33992"
5435,"35501"
5436,"47490"
5437,"33368"
5438,"63075"
5439,"75952"
5440,"22534"
5441,"76873"
5442,"29892"
5443,"22554"
5444,"61580"
5445,"31205"
5446,"84181"
5447,"27394"
5448,"28436"
5449,"31528"
5450,"50432"
5451,"28400"
5452,"41006"
5453,"92511"
5454,"95830"
5455,"11426"
5456,"49496"
5457,"75954"
5458,"35650"
5459,"21032"
5460,"49427"
5461,"59410"
5462,"93657"
5463,"88369"
5464,"32035"
5465,"33611"
5466,"64642"
5467,"90961"
5468,"86486"
5469,"28272"
5470,"44391"
5471,"27860"
5472,"25110"
5473,"25251"
5474,"95149"
5475,"73092"
5476,"96102"
5477,"G9488"
5478,"69646"
5479,"29049"
5480,"50574"
5481,"26765"
5482,"66821"
5483,"32506"
5484,"21931"
5485,"76825"
5486,"37606"
5487,"19084"
5488,"36516"
5489,"15261"
5490,"95972"
5491,"93531"
5492,"27870"
5493,"90791"
5494,"22513"
5495,"53250"
5496,"G0423"
5497,"14021"
5498,"36580"
5499,"27680"
5500,"21343"
5501,"27550"
5502,"50040"
5503,"43244"
5504,"63102"
5505,"67042"
5506,"35681"
5507,"32507"
5508,"25490"
5509,"50385"
5510,"42845"
5511,"77373"
5512,"27220"
5513,"38230"
5514,"74430"
5515,"93650"
5516,"29836"
5517,"19371"
5518,"22210"
5519,"51050"
5520,"51797"
5521,"59076"
5522,"73206"
5523,"74290"
5524,"92612"
5525,"G0424"
5526,"28310"
5527,"58546"
5528,"95250"
5529,"30400"
5530,"90967"
5531,"10121"
5532,"33506"
5533,"49419"
5534,"45335"
5535,"95012"
5536,"78300"
5537,"20661"
5538,"G9485"
5539,"27054"
5540,"65270"
5541,"38530"
5542,"92928"
5543,"74455"
5544,"99478"
5545,"65785"
5546,"69421"
5547,"49180"
5548,"43193"
5549,"25025"
5550,"43263"
5551,"33572"
5552,"38115"
5553,"26350"
5554,"35800"
5555,"65112"
5556,"19316"
5557,"49325"
5558,"50785"
5559,"78230"
5560,"95974"
5561,"24361"
5562,"49440"
5563,"61564"
5564,"78072"
5565,"33208"
5566,"28309"
5567,"37192"
5568,"36838"
5569,"61556"
5570,"64823"
5571,"22010"
5572,"99203"
5573,"21485"
5574,"19370"
5575,"43229"
5576,"36010"
5577,"47536"
5578,"24566"
5579,"29914"
5580,"33367"
5581,"63266"
5582,"25150"
5583,"43400"
5584,"77316"
5585,"72132"
5586,"27000"
5587,"51726"
5588,"61533"
5589,"78445"
5590,"21137"
5591,"35515"
5592,"36582"
5593,"36589"
5594,"93457"
5595,"52000"
5596,"70250"
5597,"70300"
5598,"43640"
5599,"61611"
5600,"75958"
5601,"29583"
5602,"G0438"
5603,"50327"
5604,"62220"
5605,"19281"
5606,"25126"
5607,"61684"
5608,"63020"
5609,"G0409"
5610,"45389"
5611,"64480"
5612,"53020"
5613,"29820"
5614,"92553"
5615,"27238"
5616,"G0443"
5617,"95925"
5618,"62365"
5619,"11922"
5620,"99466"
5621,"21249"
5622,"56440"
5623,"32656"
5624,"43420"
5625,"31629"
5626,"45300"
5627,"28114"
5628,"35011"
5629,"G0128"
5630,"69725"
5631,"36405"
5632,"95922"
5633,"93293"
5634,"55875"
5635,"43810"
5636,"45112"
5637,"62305"
5638,"65820"
5639,"88291"
5640,"31652"
5641,"33463"
5642,"97116"
5643,"60280"
5644,"36227"
5645,"54308"
5646,"38520"
5647,"64487"
5648,"92260"
5649,"G0281"
5650,"64792"
5651,"33602"
5652,"27818"
5653,"78580"
5654,"27842"
5655,"36247"
5656,"76965"
5657,"43310"
5658,"70370"
5659,"92226"
5660,"73718"
5661,"93656"
5662,"27390"
5663,"43653"
5664,"26844"
5665,"27510"
5666,"48400"
5667,"27043"
5668,"31380"
5669,"76815"
5670,"52442"
5671,"61651"
5672,"43331"
5673,"99236"
5674,"57300"
5675,"58323"
5676,"59409"
5677,"20615"
5678,"27580"
5679,"44143"
5680,"53850"
5681,"72052"
5682,"31511"
5683,"20697"
5684,"24546"
5685,"66983"
5686,"53515"
5687,"64911"
5688,"31505"
5689,"69643"
5690,"26418"
5691,"61558"
5692,"58340"
5693,"23680"
5694,"19361"
5695,"21347"
5696,"58660"
5697,"33956"
5698,"43281"
5699,"23035"
5700,"26951"
5701,"28210"
5702,"63085"
5703,"48155"
5704,"32854"
5705,"63275"
5706,"29901"
5707,"48556"
5708,"57556"
5709,"65280"
5710,"78135"
5711,"27497"
5712,"31527"
5713,"72275"
5714,"92561"
5715,"44314"
5716,"G9484"
5717,"15952"
5718,"25246"
5719,"44144"
5720,"32940"
5721,"72159"
5722,"G6006"
5723,"53420"
5724,"61626"
5725,"99238"
5726,"47537"
5727,"94610"
5728,"30460"
5729,"52325"
5730,"73130"
5731,"99348"
5732,"25500"
5733,"22325"
5734,"20922"
5735,"27435"
5736,"51102"
5737,"63704"
5738,"95071"
5739,"54250"
5740,"65782"
5741,"33783"
5742,"42420"
5743,"46916"
5744,"69717"
5745,"76536"
5746,"47140"
5747,"33988"
5748,"78468"
5749,"33273"
5750,"76882"
5751,"36216"
5752,"88188"
5753,"27325"
5754,"69436"
5755,"78469"
5756,"15731"
5757,"35583"
5758,"45342"
5759,"96411"
5760,"57320"
5761,"69205"
5762,"61880"
5763,"45333"
5764,"67414"
5765,"35132"
5766,"22812"
5767,"Q0035"
5768,"12057"
5769,"36430"
5770,"96567"
5771,"64479"
5772,"27658"
5773,"75705"
5774,"77013"
5775,"29750"
5776,"27048"
5777,"76857"
5778,"46230"
5779,"46608"
5780,"31050"
5781,"27050"
5782,"93228"
5783,"71100"
5784,"28140"
5785,"37766"
5786,"63076"
5787,"57285"
5788,"92538"
5789,"53620"
5790,"67808"
5791,"77789"
5792,"29819"
5793,"33935"
5794,"49555"
5795,"59840"
5796,"64510"
5797,"51736"
5798,"49250"
5799,"71550"
5800,"24006"
5801,"48510"
5802,"78811"
5803,"35666"
5804,"43341"
5805,"63265"
5806,"63301"
5807,"64722"
5808,"27495"
5809,"63282"
5810,"15003"
5811,"99467"
5812,"33410"
5813,"57109"
5814,"62370"
5815,"28122"
5816,"54830"
5817,"15121"
5818,"26118"
5819,"33305"
5820,"36218"
5821,"51784"
5822,"33852"
5823,"36254"
5824,"37247"
5825,"61518"
5826,"29880"
5827,"45505"
5828,"61710"
5829,"62230"
5830,"22903"
5831,"44188"
5832,"66984"
5833,"26497"
5834,"31382"
5835,"24149"
5836,"61791"
5837,"44650"
5838,"55876"
5839,"29830"
5840,"40805"
5841,"50250"
5842,"16030"
5843,"26115"
5844,"27049"
5845,"99220"
5846,"33803"
5847,"58563"
5848,"90460"
5849,"21497"
5850,"15150"
5851,"53025"
5852,"20650"
5853,"42205"
5854,"96366"
5855,"13121"
5856,"63185"
5857,"64866"
5858,"95004"
5859,"33952"
5860,"74775"
5861,"32504"
5862,"25101"
5863,"36400"
5864,"19306"
5865,"31611"
5866,"33211"
5867,"73600"
5868,"96002"
5869,"27446"
5870,"63180"
5871,"65850"
5872,"43261"
5873,"43280"
5874,"78579"
5875,"95921"
5876,"95924"
5877,"28055"
5878,"33924"
5879,"77334"
5880,"64831"
5881,"22830"
5882,"74249"
5883,"38571"
5884,"44100"
5885,"44385"
5886,"97165"
5887,"61584"
5888,"72195"
5889,"27676"
5890,"99490"
5891,"23100"
5892,"28108"
5893,"52010"
5894,"45397"
5895,"41005"
5896,"33870"
5897,"37185"
5898,"92924"
5899,"99292"
5900,"27178"
5901,"74450"
5902,"20604"
5903,"24120"
5904,"27822"
5905,"50706"
5906,"61686"
5907,"99218"
5908,"15793"
5909,"22855"
5910,"43635"
5911,"93271"
5912,"31293"
5913,"27392"
5914,"66250"
5915,"84166"
5916,"25392"
5917,"29837"
5918,"71555"
5919,"31750"
5920,"68328"
5921,"44186"
5922,"43843"
5923,"46746"
5924,"78428"
5925,"27246"
5926,"31584"
5927,"58294"
5928,"32665"
5929,"58353"
5930,"24635"
5931,"49442"
5932,"77370"
5933,"58292"
5934,"61546"
5935,"35303"
5936,"26250"
5937,"29855"
5938,"36570"
5939,"60220"
5940,"75970"
5941,"96920"
5942,"92548"
5943,"33851"
5944,"44155"
5945,"77078"
5946,"G0182"
5947,"33946"
5948,"69420"
5949,"27745"
5950,"43201"
5951,"33254"
5952,"54316"
5953,"24538"
5954,"26080"
5955,"55705"
5956,"90836"
5957,"28225"
5958,"43651"
5959,"53855"
5960,"61800"
5961,"33957"
5962,"50075"
5963,"11000"
5964,"G0507"
5965,"G9187"
5966,"75573"
5967,"52352"
5968,"11045"
5969,"37184"
5970,"62192"
5971,"42806"
5972,"50783"
5973,"61535"
5974,"27511"
5975,"11310"
5976,"26170"
5977,"26477"
5978,"20660"
5979,"38770"
5980,"31235"
5981,"43020"
5982,"26476"
5983,"53230"
5984,"77077"
5985,"50500"
5986,"73085"
5987,"97533"
5988,"92136"
5989,"23520"
5990,"28605"
5991,"79440"
5992,"63287"
5993,"77778"
5994,"26011"
5995,"72156"
5996,"47538"
5997,"28540"
5998,"28630"
5999,"92014"
6000,"78122"
6001,"20827"
6002,"22600"
6003,"65815"
6004,"33236"
6005,"29884"
6006,"71120"
6007,"75989"
6008,"36225"
6009,"93456"
6010,"36565"
6011,"48020"
6012,"72125"
6013,"33476"
6014,"60502"
6015,"20525"
6016,"28296"
6017,"93618"
6018,"75901"
6019,"77262"
6020,"21188"
6021,"27814"
6022,"49900"
6023,"61522"
6024,"69511"
6025,"68750"
6026,"11952"
6027,"35506"
6028,"78414"
6029,"25365"
6030,"29826"
6031,"54105"
6032,"27650"
6033,"49083"
6034,"42809"
6035,"11622"
6036,"43620"
6037,"78454"
6038,"29126"
6039,"30320"
6040,"72080"
6041,"20501"
6042,"27047"
6043,"25125"
6044,"33203"
6045,"37180"
6046,"65273"
6047,"37609"
6048,"35111"
6049,"G0238"
6050,"21933"
6051,"49327"
6052,"15833"
6053,"43360"
6054,"23665"
6055,"53425"
6056,"11600"
6057,"47801"
6058,"92315"
6059,"44207"
6060,"67345"
6061,"33530"
6062,"47720"
6063,"33947"
6064,"62147"
6065,"74440"
6066,"27640"
6067,"62351"
6068,"15272"
6069,"33974"
6070,"49418"
6071,"19355"
6072,"61156"
6073,"64774"
6074,"10035"
6075,"92537"
6076,"22800"
6077,"29405"
6078,"92987"
6079,"95857"
6080,"44407"
6081,"21034"
6082,"26045"
6083,"29540"
6084,"33920"
6085,"90838"
6086,"27062"
6087,"31587"
6088,"34832"
6089,"42961"
6090,"30160"
6091,"37212"
6092,"93289"
6093,"57513"
6094,"27258"
6095,"28208"
6096,"26492"
6097,"58770"
6098,"36221"
6099,"26843"
6100,"70554"
6101,"33910"
6102,"69955"
6103,"47146"
6104,"25120"
6105,"59121"
6106,"38242"
6107,"17280"
6108,"45000"
6109,"36556"
6110,"45020"
6111,"10081"
6112,"37785"
6113,"72133"
6114,"36568"
6115,"36640"
6116,"65275"
6117,"27768"
6118,"28291"
6119,"35538"
6120,"57460"
6121,"76776"
6122,"57287"
6123,"83020"
6124,"31040"
6125,"31087"
6126,"26449"
6127,"43886"
6128,"69554"
6129,"55720"
6130,"67412"
6131,"94621"
6132,"36455"
6133,"93261"
6134,"33702"
6135,"59100"
6136,"88108"
6137,"34831"
6138,"61458"
6139,"52344"
6140,"35311"
6141,"53265"
6142,"69220"
6143,"55300"
6144,"43249"
6145,"63688"
6146,"31651"
6147,"35286"
6148,"45347"
6149,"76820"
6150,"26746"
6151,"77014"
6152,"95863"
6153,"G0451"
6154,"67120"
6155,"88388"
6156,"75743"
6157,"78456"
6158,"67405"
6159,"57292"
6160,"27095"
6161,"65920"
6162,"48547"
6163,"29058"
6164,"47400"
6165,"65430"
6166,"46083"
6167,"62270"
6168,"93005"
6169,"21700"
6170,"49565"
6171,"61867"
6172,"77011"
6173,"37232"
6174,"54050"
6175,"74270"
6176,"53215"
6177,"54900"
6178,"21932"
6179,"58544"
6180,"61682"
6181,"44121"
6182,"21208"
6183,"59001"
6184,"70547"
6185,"22869"
6186,"21556"
6187,"88350"
6188,"97033"
6189,"31830"
6190,"27552"
6191,"30465"
6192,"88185"
6193,"36680"
6194,"36825"
6195,"91038"
6196,"99324"
6197,"59074"
6198,"67312"
6199,"94010"
6200,"95910"
6201,"27634"
6202,"33782"
6203,"27096"
6204,"29125"
6205,"64449"
6206,"99326"
6207,"53446"
6208,"55530"
6209,"67015"
6210,"34820"
6211,"44602"
6212,"61520"
6213,"95811"
6214,"29845"
6215,"75716"
6216,"92270"
6217,"21199"
6218,"31640"
6219,"27059"
6220,"92575"
6221,"64736"
6222,"91200"
6223,"33282"
6224,"43633"
6225,"64590"
6226,"32503"
6227,"54660"
6228,"69440"
6229,"94780"
6230,"21705"
6231,"19085"
6232,"24400"
6233,"36223"
6234,"25805"
6235,"50234"
6236,"40654"
6237,"62100"
6238,"20005"
6239,"26536"
6240,"68320"
6241,"93304"
6242,"27703"
6243,"40520"
6244,"99341"
6245,"11971"
6246,"36100"
6247,"27846"
6248,"61210"
6249,"92134"
6250,"72170"
6251,"88334"
6252,"32124"
6253,"45395"
6254,"73521"
6255,"49905"
6256,"67875"
6257,"90965"
6258,"46942"
6259,"92621"
6260,"33880"
6261,"62281"
6262,"17106"
6263,"56630"
6264,"52343"
6265,"15936"
6266,"26075"
6267,"27407"
6268,"17282"
6269,"90870"
6270,"23605"
6271,"24579"
6272,"86580"
6273,"96154"
6274,"33206"
6275,"95056"
6276,"99471"
6277,"68335"
6278,"38550"
6279,"93603"
6280,"94400"
6281,"31720"
6282,"37235"
6283,"77762"
6284,"35082"
6285,"53510"
6286,"65880"
6287,"96150"
6288,"33881"
6289,"61618"
6290,"44900"
6291,"24160"
6292,"28800"
6293,"54901"
6294,"47425"
6295,"88380"
6296,"22533"
6297,"11404"
6298,"94640"
6299,"67316"
6300,"Q0092"
6301,"31577"
6302,"46280"
6303,"99281"
6304,"26040"
6305,"95027"
6306,"42160"
6307,"54015"
6308,"62258"
6309,"49550"
6310,"52275"
6311,"33468"
6312,"31578"
6313,"11305"
6314,"27424"
6315,"54304"
6316,"88365"
6317,"58280"
6318,"46730"
6319,"61120"
6320,"61680"
6321,"77469"
6322,"35231"
6323,"31400"
6324,"38380"
6325,"53405"
6326,"30435"
6327,"69100"
6328,"31615"
6329,"73720"
6330,"77470"
6331,"30915"
6332,"G0104"
6333,"88307"
6334,"17260"
6335,"27440"
6336,"76977"
6337,"96521"
6338,"99308"
6339,"17111"
6340,"27170"
6341,"46910"
6342,"22551"
6343,"52283"
6344,"75563"
6345,"58555"
6346,"25820"
6347,"11470"
6348,"64778"
6349,"25920"
6350,"68810"
6351,"96522"
6352,"96932"
6353,"42400"
6354,"22850"
6355,"23515"
6356,"30118"
6357,"33243"
6358,"43313"
6359,"66986"
6360,"50576"
6361,"29834"
6362,"46930"
6363,"29886"
6364,"33130"
6365,"59320"
6366,"94726"
6367,"67903"
6368,"42815"
6369,"47010"
6370,"51800"
6371,"G0420"
6372,"21630"
6373,"26740"
6374,"62162"
6375,"25491"
6376,"54112"
6377,"20526"
6378,"64868"
6379,"43870"
6380,"64612"
6381,"91020"
6382,"99469"
6383,"17311"
6384,"94667"
6385,"96415"
6386,"25020"
6387,"40650"
6388,"43226"
6389,"54690"
6390,"90955"
6391,"13120"
6392,"20553"
6393,"G0277"
6394,"28192"
6395,"96370"
6396,"26416"
6397,"43265"
6398,"72200"
6399,"92275"
6400,"26034"
6401,"33230"
6402,"73525"
6403,"44322"
6404,"44625"
6405,"33970"
6406,"61650"
6407,"24343"
6408,"27470"
6409,"28202"
6410,"62368"
6411,"63191"
6412,"33864"
6413,"51020"
6414,"74415"
6415,"30100"
6416,"33419"
6417,"51565"
6418,"33621"
6419,"27659"
6420,"56821"
6421,"36476"
6422,"50546"
6423,"28041"
6424,"24150"
6425,"37181"
6426,"50976"
6427,"G0509"
6428,"41008"
6429,"99225"
6430,"59622"
6431,"67334"
6432,"27035"
6433,"78231"
6434,"59020"
6435,"65220"
6436,"27176"
6437,"54352"
6438,"28153"
6439,"15792"
6440,"32672"
6441,"69633"
6442,"91035"
6443,"27185"
6444,"93270"
6445,"32663"
6446,"66680"
6447,"P3001"
6448,"64782"
6449,"36907"
6450,"61313"
6451,"53502"
6452,"59614"
6453,"24066"
6454,"G0270"
6455,"39540"
6456,"74251"
6457,"33641"
6458,"39503"
6459,"63272"
6460,"64886"
6461,"95912"
6462,"74241"
6463,"61760"
6464,"78800"
6465,"G0459"
6466,"31573"
6467,"37780"
6468,"67413"
6469,"29505"
6470,"26117"
6471,"93226"
6472,"75840"
6473,"92970"
6474,"45392"
6475,"21930"
6476,"64646"
6477,"49411"
6478,"59830"
6479,"42700"
6480,"G0249"
6481,"44392"
6482,"19318"
6483,"27893"
6484,"92552"
6485,"74425"
6486,"47542"
6487,"76826"
6488,"88104"
6489,"36583"
6490,"57160"
6491,"26373"
6492,"60521"
6493,"78481"
6494,"93882"
6495,"50360"
6496,"25450"
6497,"58240"
6498,"20610"
6499,"16000"
6500,"92065"
6501,"41113"
6502,"58560"
6503,"64565"
6504,"49566"
6505,"61316"
6506,"22633"
6507,"27403"
6508,"37215"
6509,"95965"
6510,"49553"
6511,"74220"
6512,"77435"
6513,"94750"
6514,"23076"
6515,"67025"
6516,"25274"
6517,"31786"
6518,"23071"
6519,"67915"
6520,"27327"
6521,"23430"
6522,"33465"
6523,"61001"
6524,"31200"
6525,"35870"
6526,"25000"
6527,"37650"
6528,"58210"
6529,"39010"
6530,"27323"
6531,"90958"
6532,"90840"
6533,"78130"
6534,"77763"
6535,"G0250"
6536,"96160"
6537,"24365"
6538,"27132"
6539,"31238"
6540,"31730"
6541,"21242"
6542,"63077"
6543,"36561"
6544,"64702"
6545,"28546"
6546,"50065"
6547,"30115"
6548,"52310"
6549,"93981"
6550,"24116"
6551,"91065"
6552,"11101"
6553,"93294"
6554,"67415"
6555,"15156"
6556,"52320"
6557,"62256"
6558,"G6008"
6559,"25280"
6560,"95868"
6561,"99151"
6562,"21336"
6563,"15958"
6564,"70555"
6565,"50070"
6566,"67715"
6567,"78232"
6568,"12004"
6569,"57289"
6570,"24076"
6571,"42962"
6572,"35683"
6573,"64740"
6574,"29821"
6575,"15574"
6576,"92145"
6577,"99463"
6578,"63702"
6579,"31530"
6580,"50431"
6581,"44141"
6582,"17276"
6583,"35390"
6584,"92608"
6585,"20605"
6586,"32664"
6587,"38724"
6588,"26055"
6589,"24145"
6590,"76870"
6591,"92504"
6592,"32486"
6593,"27742"
6594,"62304"
6595,"93307"
6596,"26420"
6597,"70130"
6598,"36228"
6599,"23900"
6600,"35587"
6601,"14060"
6602,"21143"
6603,"22840"
6604,"25574"
6605,"50561"
6606,"61526"
6607,"45384"
6608,"96127"
6609,"60212"
6610,"93786"
6611,"27557"
6612,"45321"
6613,"12020"
6614,"33212"
6615,"67938"
6616,"90833"
6617,"26540"
6618,"35820"
6619,"75557"
6620,"33535"
6621,"19368"
6622,"27052"
6623,"58611"
6624,"63078"
6625,"G0505"
6626,"35661"
6627,"69530"
6628,"78190"
6629,"61343"
6630,"85060"
6631,"39401"
6632,"41015"
6633,"50688"
6634,"99226"
6635,"27686"
6636,"21811"
6637,"33210"
6638,"44394"
6639,"61519"
6640,"69801"
6641,"76529"
6642,"21339"
6643,"64885"
6644,"37226"
6645,"95801"
6646,"64763"
6647,"28120"
6648,"62272"
6649,"97532"
6650,"12044"
6651,"21015"
6652,"27430"
6653,"24500"
6654,"72295"
6655,"54600"
6656,"78264"
6657,"42200"
6658,"19287"
6659,"33363"
6660,"43300"
6661,"77768"
6662,"45305"
6663,"57270"
6664,"77054"
6665,"88358"
6666,"33875"
6667,"26600"
6668,"27328"
6669,"67906"
6670,"73000"
6671,"21340"
6672,"58954"
6673,"61026"
6674,"45108"
6675,"25900"
6676,"12007"
6677,"44025"
6678,"61538"
6679,"61720"
6680,"72198"
6681,"95024"
6682,"99201"
6683,"47141"
6684,"63194"
6685,"36260"
6686,"73522"
6687,"43239"
6688,"43030"
6689,"59012"
6690,"29843"
6691,"67040"
6692,"24358"
6693,"17271"
6694,"26756"
6695,"94013"
6696,"95958"
6697,"73719"
6698,"56442"
6699,"66852"
6700,"40806"
6701,"48548"
6702,"79403"
6703,"42825"
6704,"69711"
6705,"26567"
6706,"25645"
6707,"63277"
6708,"58291"
6709,"64787"
6710,"63271"
6711,"99213"
6712,"59130"
6713,"66761"
6714,"24110"
6715,"44202"
6716,"21480"
6717,"43652"
6718,"43846"
6719,"54692"
6720,"27840"
6721,"31295"
6722,"65093"
6723,"43259"
6724,"23474"
6725,"94060"
6726,"96910"
6727,"56800"
6728,"35840"
6729,"90901"
6730,"11951"
6731,"29740"
6732,"33955"
6733,"62142"
6734,"78472"
6735,"37200"
6736,"11772"
6737,"32140"
6738,"32320"
6739,"68362"
6740,"27441"
6741,"23450"
6742,"31622"
6743,"65130"
6744,"42500"
6745,"27468"
6746,"75959"
6747,"99349"
6748,"15783"
6749,"57420"
6750,"62252"
6751,"61698"
6752,"15101"
6753,"22206"
6754,"92586"
6755,"27340"
6756,"35700"
6757,"93624"
6758,"33677"
6759,"35884"
6760,"61590"
6761,"36251"
6762,"40820"
6763,"44615"
6764,"37246"
6765,"55540"
6766,"22590"
6767,"27654"
6768,"44970"
6769,"67314"
6770,"33533"
6771,"71023"
6772,"68761"
6773,"61563"
6774,"47556"
6775,"29515"
6776,"53600"
6777,"28280"
6778,"56640"
6779,"43121"
6780,"43206"
6781,"69604"
6782,"45340"
6783,"50951"
6784,"63615"
6785,"97760"
6786,"15821"
6787,"29906"
6788,"21247"
6789,"30930"
6790,"31595"
6791,"23156"
6792,"G0500"
6793,"95819"
6794,"G9486"
6795,"52234"
6796,"78707"
6797,"25151"
6798,"43756"
6799,"88184"
6800,"27514"
6801,"28222"
6802,"58825"
6803,"93591"
6804,"33978"
6805,"75774"
6806,"93893"
6807,"43215"
6808,"33262"
6809,"24675"
6810,"50700"
6811,"60605"
6812,"27760"
6813,"99184"
6814,"25455"
6815,"43231"
6816,"74355"
6817,"44151"
6818,"45172"
6819,"45385"
6820,"19001"
6821,"50120"
6822,"54235"
6823,"38745"
6824,"31628"
6825,"45150"
6826,"36904"
6827,"78607"
6828,"24125"
6829,"31643"
6830,"23405"
6831,"27610"
6832,"27040"
6833,"51841"
6834,"33548"
6835,"86078"
6836,"G6005"
6837,"21610"
6838,"33235"
6839,"20931"
6840,"93318"
6841,"44960"
6842,"24147"
6843,"27603"
6844,"92579"
6845,"95816"
6846,"11601"
6847,"92523"
6848,"76948"
6849,"50200"
6850,"37244"
6851,"21552"
6852,"32561"
6853,"G0439"
6854,"19380"
6855,"21182"
6856,"63050"
6857,"27601"
6858,"72114"
6859,"29105"
6860,"49435"
6861,"88182"
6862,"73620"
6863,"57283"
6864,"25075"
6865,"21510"
6866,"57065"
6867,"28576"
6868,"57410"
6869,"86079"
6870,"53235"
6871,"41116"
6872,"65265"
6873,"76514"
6874,"24363"
6875,"23397"
6876,"33771"
6877,"35221"
6878,"32036"
6879,"55060"
6880,"61592"
6881,"58120"
6882,"26535"
6883,"99415"
6884,"99347"
6885,"43204"
6886,"52647"
6887,"20900"
6888,"49062"
6889,"62273"
6890,"68115"
6891,"95954"
6892,"35601"
6893,"43774"
6894,"33660"
6895,"12054"
6896,"46945"
6897,"78645"
6898,"60240"
6899,"73660"
6900,"94375"
6901,"43865"
6902,"35206"
6903,"35251"
6904,"66220"
6905,"23420"
6906,"24665"
6907,"15276"
6908,"32607"
6909,"90957"
6910,"24515"
6911,"46261"
6912,"12021"
6913,"17315"
6914,"57260"
6915,"26863"
6916,"G0248"
6917,"32160"
6918,"31300"
6919,"22849"
6920,"71010"
6921,"95939"
6922,"33824"
6923,"88189"
6924,"62190"
6925,"28106"
6926,"15931"
6927,"51865"
6928,"33720"
6929,"92508"
6930,"76098"
6931,"28024"
6932,"66700"
6933,"33251"
6934,"44021"
6935,"19367"
6936,"26700"
6937,"41825"
6938,"54161"
6939,"70371"
6940,"94662"
6941,"97034"
6942,"36823"
6943,"90959"
6944,"35207"
6945,"15130"
6946,"33981"
6947,"43415"
6948,"49450"
6949,"15775"
6950,"93788"
6951,"29705"
6952,"34421"
6953,"95824"
6954,"33925"
6955,"95933"
6956,"27230"
6957,"22612"
6958,"33335"
6959,"53460"
6960,"78265"
6961,"96103"
6962,"G0297"
6963,"36512"
6964,"28039"
6965,"54055"
6966,"G0343"
6967,"29866"
6968,"26415"
6969,"37231"
6970,"68020"
6971,"59821"
6972,"98926"
6973,"44147"
6974,"27075"
6975,"38792"
6976,"44206"
6977,"32900"
6978,"25560"
6979,"25240"
6980,"27393"
6981,"70549"
6982,"58356"
6983,"11980"
6984,"22326"
6985,"25316"
6986,"36005"
6987,"55700"
6988,"76937"
6989,"33619"
6990,"69960"
6991,"76831"
6992,"24587"
6993,"26518"
6994,"65175"
6995,"37236"
6996,"57296"
6997,"64561"
6998,"72202"
6999,"55860"
7000,"26706"
7001,"27279"
7002,"27520"
7003,"33390"
7004,"36902"
7005,"75658"
7006,"46707"
7007,"50945"
7008,"62367"
7009,"69645"
7010,"G0179"
7011,"65272"
7012,"90849"
7013,"65435"
7014,"29305"
7015,"53447"
7016,"54406"
7017,"65290"
7018,"21179"
7019,"43336"
7020,"15630"
7021,"28575"
7022,"32906"
7023,"34800"
7024,"51100"
7025,"52342"
7026,"43135"
7027,"92943"
7028,"22100"
7029,"15946"
7030,"49220"
7031,"26180"
7032,"95981"
7033,"40818"
7034,"47800"
7035,"27638"
7036,"88161"
7037,"42600"
7038,"28307"
7039,"27829"
7040,"67331"
7041,"65930"
7042,"24516"
7043,"64857"
7044,"97012"
7045,"43840"
7046,"65770"
7047,"32674"
7048,"43634"
7049,"22552"
7050,"22802"
7051,"50825"
7052,"21154"
7053,"27488"
7054,"31635"
7055,"63304"
7056,"17272"
7057,"27416"
7058,"37718"
7059,"44850"
7060,"49412"
7061,"21436"
7062,"95017"
7063,"92071"
7064,"20808"
7065,"75810"
7066,"76125"
7067,"48552"
7068,"55650"
7069,"55870"
7070,"27310"
7071,"57170"
7072,"25290"
7073,"35236"
7074,"45330"
7075,"28001"
7076,"63017"
7077,"11442"
7078,"43233"
7079,"26615"
7080,"92507"
7081,"35512"
7082,"15155"
7083,"59414"
7084,"33983"
7085,"68760"
7086,"33404"
7087,"27506"
7088,"33218"
7089,"93355"
7090,"99152"
7091,"26455"
7092,"21196"
7093,"27443"
7094,"34833"
7095,"61548"
7096,"G9489"
7097,"48001"
7098,"25606"
7099,"33949"
7100,"37225"
7101,"37735"
7102,"54060"
7103,"26551"
7104,"32480"
7105,"22112"
7106,"71035"
7107,"92072"
7108,"66030"
7109,"19282"
7110,"53220"
7111,"75801"
7112,"35671"
7113,"97035"
7114,"26432"
7115,"20240"
7116,"46712"
7117,"51550"
7118,"27780"
7119,"37188"
7120,"45315"
7121,"96375"
7122,"53400"
7123,"47531"
7124,"33391"
7125,"31367"
7126,"26676"
7127,"31610"
7128,"77300"
7129,"92557"
7130,"40844"
7131,"72126"
7132,"55812"
7133,"27265"
7134,"44381"
7135,"G0404"
7136,"25023"
7137,"44127"
7138,"29882"
7139,"50545"
7140,"38564"
7141,"43122"
7142,"66830"
7143,"76932"
7144,"32501"
7145,"94668"
7146,"27259"
7147,"70330"
7148,"36470"
7149,"27329"
7150,"70240"
7151,"33266"
7152,"G0181"
7153,"49060"
7154,"78206"
7155,"52260"
7156,"64895"
7157,"21615"
7158,"28297"
7159,"47712"
7160,"58321"
7161,"49520"
7162,"65778"
7163,"19086"
7164,"50100"
7165,"91112"
7166,"32560"
7167,"23155"
7168,"46606"
7169,"99406"
7170,"50722"
7171,"93790"
7172,"28261"
7173,"62303"
7174,"38205"
7175,"58559"
7176,"64834"
7177,"26725"
7178,"99343"
7179,"36456"
7180,"22901"
7181,"21554"
7182,"30020"
7183,"63190"
7184,"47383"
7185,"23030"
7186,"88325"
7187,"35646"
7188,"58572"
7189,"64732"
7190,"22103"
7191,"50386"
7192,"61708"
